judge_id,full_name,court,judicial_district,county,seat_status,is_chief,chief_since,date_start,date_termination,selection_method,appointing_governor,appointing_party,law_school,birth_year,mandatory_retire_year,bp_retention_year_reported,courtlistener_id,date_dob,src_roster,retrieved_at
100,Timothy Lane,CO County,1,Gilpin,active,0,,,,assisted_appointment,,,,,,,,,https://judicialperformance.colorado.gov/2026-judicial-performance-evaluations-full-list,2026-09-06
102,Corinne Magid,CO County,1,Jefferson,active,0,,,,assisted_appointment,,,,,,,,,https://judicialperformance.colorado.gov/2026-judicial-performance-evaluations-full-list,2026-09-06
103,Jennifer Lynn Melton,CO County,1,Jefferson,active,0,,,,assisted_appointment,,,,,,,,,https://judicialperformance.colorado.gov/2026-judicial-performance-evaluations-full-list,2026-09-06
101,Sara Garrido,CO County,1,Jefferson,active,0,,,,assisted_appointment,,,,,,,,,https://judicialperformance.colorado.gov/2026-judicial-performance-evaluations-full-list,2026-09-06
105,Andrea Eddy,CO County,2,Denver,active,0,,,,assisted_appointment,,,,,,,,,https://judicialperformance.colorado.gov/2026-judicial-performance-evaluations-full-list,2026-09-06
107,Chelsea Malone,CO County,2,Denver,active,0,,,,assisted_appointment,,,,,,,,,https://judicialperformance.colorado.gov/2026-judicial-performance-evaluations-full-list,2026-09-06
109,Isaam L. Shamsid-Deen,CO County,2,Denver,active,0,,,,assisted_appointment,,,,,,,,,https://judicialperformance.colorado.gov/2026-judicial-performance-evaluations-full-list,2026-09-06
110,Judith Smith,CO County,2,Denver,active,0,,,,assisted_appointment,,,,,,,,,https://judicialperformance.colorado.gov/2026-judicial-performance-evaluations-full-list,2026-09-06
104,Kerri Lombardi,CO County,2,Denver,active,0,,,,assisted_appointment,,,,,,,,,https://judicialperformance.colorado.gov/2026-judicial-performance-evaluations-full-list,2026-09-06
108,Michelle Martinez-Thomas,CO County,2,Denver,active,0,,,,assisted_appointment,,,,,,,,,https://judicialperformance.colorado.gov/2026-judicial-performance-evaluations-full-list,2026-09-06
106,Olympia Z. Fay,CO County,2,Denver,active,0,,,,assisted_appointment,,,,,,,,,https://judicialperformance.colorado.gov/2026-judicial-performance-evaluations-full-list,2026-09-06
111,Dawn Mann,CO County,3,Huerfano,active,0,,,,assisted_appointment,,,,,,,,,https://judicialperformance.colorado.gov/2026-judicial-performance-evaluations-full-list,2026-09-06
115,Ann M. Rotolo,CO County,4,El Paso,active,0,,,,assisted_appointment,,,,,,,,,https://judicialperformance.colorado.gov/2026-judicial-performance-evaluations-full-list,2026-09-06
113,Marika Frady,CO County,4,El Paso,active,0,,,,assisted_appointment,,,,,,,,,https://judicialperformance.colorado.gov/2026-judicial-performance-evaluations-full-list,2026-09-06
114,Meredith Patrick Cord,CO County,4,El Paso,active,0,,,,assisted_appointment,,,,,,,,,https://judicialperformance.colorado.gov/2026-judicial-performance-evaluations-full-list,2026-09-06
112,Sam Burney,CO County,4,El Paso,active,0,,,,assisted_appointment,,,,,,,,,https://judicialperformance.colorado.gov/2026-judicial-performance-evaluations-full-list,2026-09-06
116,Inga Haagenson Causey,CO County,5,Eagle,active,0,,,,assisted_appointment,,,,,,,,,https://judicialperformance.colorado.gov/2026-judicial-performance-evaluations-full-list,2026-09-06
117,James R. McDonald,CO County,7,Hinsdale,active,0,,,,assisted_appointment,,,,,,,,,https://judicialperformance.colorado.gov/2026-judicial-performance-evaluations-full-list,2026-09-06
118,Chelsea Williams Ryan,CO County,8,Jackson,active,0,,,,assisted_appointment,,,,,,,,,https://judicialperformance.colorado.gov/2026-judicial-performance-evaluations-full-list,2026-09-06
119,"Katharine ""Jenny"" Ellison",CO County,8,Larimer,active,0,,,,assisted_appointment,,,,,,,,,https://judicialperformance.colorado.gov/2026-judicial-performance-evaluations-full-list,2026-09-06
121,Matthew R. Zehe,CO County,8,Larimer,active,0,,,,assisted_appointment,,,,,,,,,https://judicialperformance.colorado.gov/2026-judicial-performance-evaluations-full-list,2026-09-06
120,Thomas L. Lynch,CO County,8,Larimer,active,0,,,,assisted_appointment,,,,,,,,,https://judicialperformance.colorado.gov/2026-judicial-performance-evaluations-full-list,2026-09-06
122,Jonathan Bruce Pototsky,CO County,9,Garfield,active,0,,,,assisted_appointment,,,,,,,,,https://judicialperformance.colorado.gov/2026-judicial-performance-evaluations-full-list,2026-09-06
123,Jay A. Edwards,CO County,9,Rio Blanco,active,0,,,,assisted_appointment,,,,,,,,,https://judicialperformance.colorado.gov/2026-judicial-performance-evaluations-full-list,2026-09-06
124,Michael Patrick Halpin,CO County,11,Custer,active,0,,,,assisted_appointment,,,,,,,,,https://judicialperformance.colorado.gov/2026-judicial-performance-evaluations-full-list,2026-09-06
125,Alexandra Robak,CO County,11,Fremont,active,0,,,,assisted_appointment,,,,,,,,,https://judicialperformance.colorado.gov/2026-judicial-performance-evaluations-full-list,2026-09-06
126,Brian Louis Green,CO County,11,Park,active,0,,,,assisted_appointment,,,,,,,,,https://judicialperformance.colorado.gov/2026-judicial-performance-evaluations-full-list,2026-09-06
127,Daniel Walzl,CO County,12,Alamosa,active,0,,,,assisted_appointment,,,,,,,,,https://judicialperformance.colorado.gov/2026-judicial-performance-evaluations-full-list,2026-09-06
128,Tamara McSherry Sullivan,CO County,12,Costilla,active,0,,,,assisted_appointment,,,,,,,,,https://judicialperformance.colorado.gov/2026-judicial-performance-evaluations-full-list,2026-09-06
129,Hollie Wheelwright,CO County,12,Mineral,active,0,,,,assisted_appointment,,,,,,,,,https://judicialperformance.colorado.gov/2026-judicial-performance-evaluations-full-list,2026-09-06
130,Kelly S. Hansen,CO County,13,Washington,active,0,,,,assisted_appointment,,,,,,,,,https://judicialperformance.colorado.gov/2026-judicial-performance-evaluations-full-list,2026-09-06
131,Nicholas Catanzarite,CO County,14,Grand,active,0,,,,assisted_appointment,,,,,,,,,https://judicialperformance.colorado.gov/2026-judicial-performance-evaluations-full-list,2026-09-06
132,James Hesson,CO County,14,Moffat,active,0,,,,assisted_appointment,,,,,,,,,https://judicialperformance.colorado.gov/2026-judicial-performance-evaluations-full-list,2026-09-06
133,Curtis Lane Porter,CO County,15,Prowers,active,0,,,,assisted_appointment,,,,,,,,,https://judicialperformance.colorado.gov/2026-judicial-performance-evaluations-full-list,2026-09-06
134,Jeremy P. Boyce,CO County,16,Crowley,active,0,,,,assisted_appointment,,,,,,,,,https://judicialperformance.colorado.gov/2026-judicial-performance-evaluations-full-list,2026-09-06
135,William Culver,CO County,16,Otero,active,0,,,,assisted_appointment,,,,,,,,,https://judicialperformance.colorado.gov/2026-judicial-performance-evaluations-full-list,2026-09-06
136,Lara M. Jimenez,CO County,17,Adams,active,0,,,,assisted_appointment,,,,,,,,,https://judicialperformance.colorado.gov/2026-judicial-performance-evaluations-full-list,2026-09-06
137,"MaryAnn ""Mariana"" Vielma",CO County,17,Adams,active,0,,,,assisted_appointment,,,,,,,,,https://judicialperformance.colorado.gov/2026-judicial-performance-evaluations-full-list,2026-09-06
140,Cheryl Rowles-Stokes,CO County,18,Arapahoe,active,0,,,,assisted_appointment,,,,,,,,,https://judicialperformance.colorado.gov/2026-judicial-performance-evaluations-full-list,2026-09-06
138,Christina Marie Apostoli,CO County,18,Arapahoe,active,0,,,,assisted_appointment,,,,,,,,,https://judicialperformance.colorado.gov/2026-judicial-performance-evaluations-full-list,2026-09-06
139,Colleen Clark,CO County,18,Arapahoe,active,0,,,,assisted_appointment,,,,,,,,,https://judicialperformance.colorado.gov/2026-judicial-performance-evaluations-full-list,2026-09-06
143,Dana Nichols,CO County,19,Weld,active,0,,,,assisted_appointment,,,,,,,,,https://judicialperformance.colorado.gov/2026-judicial-performance-evaluations-full-list,2026-09-06
141,John J. Briggs,CO County,19,Weld,active,0,,,,assisted_appointment,,,,,,,,,https://judicialperformance.colorado.gov/2026-judicial-performance-evaluations-full-list,2026-09-06
142,Michele Lynn Meyer,CO County,19,Weld,active,0,,,,assisted_appointment,,,,,,,,,https://judicialperformance.colorado.gov/2026-judicial-performance-evaluations-full-list,2026-09-06
144,Elizabeth House Moulton Brodsky,CO County,20,Boulder,active,0,,,,assisted_appointment,,,,,,,,,https://judicialperformance.colorado.gov/2026-judicial-performance-evaluations-full-list,2026-09-06
145,Monica Haenselman,CO County,20,Boulder,active,0,,,,assisted_appointment,,,,,,,,,https://judicialperformance.colorado.gov/2026-judicial-performance-evaluations-full-list,2026-09-06
146,Zachary Ilya Malkinson,CO County,20,Boulder,active,0,,,,assisted_appointment,,,,,,,,,https://judicialperformance.colorado.gov/2026-judicial-performance-evaluations-full-list,2026-09-06
148,Bruce R. Raaum,CO County,21,Mesa,active,0,,,,assisted_appointment,,,,,,,,,https://judicialperformance.colorado.gov/2026-judicial-performance-evaluations-full-list,2026-09-06
147,Scott Joseph Burrill,CO County,21,Mesa,active,0,,,,assisted_appointment,,,,,,,,,https://judicialperformance.colorado.gov/2026-judicial-performance-evaluations-full-list,2026-09-06
150,Kolony L. Fields,CO County,23,Douglas,active,0,,,,assisted_appointment,,,,,,,,,https://judicialperformance.colorado.gov/2026-judicial-performance-evaluations-full-list,2026-09-06
149,Lawrence Bowling,CO County,23,Douglas,active,0,,,,assisted_appointment,,,,,,,,,https://judicialperformance.colorado.gov/2026-judicial-performance-evaluations-full-list,2026-09-06
30,Elizabeth L. Harris,CO Court of Appeals,,,active,0,,,,assisted_appointment,,,,,,,,,https://judicialperformance.colorado.gov/2026-judicial-performance-evaluations-full-list,2026-09-06
34,Grant Sullivan,CO Court of Appeals,,,active,0,,,,assisted_appointment,,,,,,,,,https://judicialperformance.colorado.gov/2026-judicial-performance-evaluations-full-list,2026-09-06
33,Karl L. Schock,CO Court of Appeals,,,active,0,,,,assisted_appointment,,,,,,,,,https://judicialperformance.colorado.gov/2026-judicial-performance-evaluations-full-list,2026-09-06
31,Katharine E. Lum,CO Court of Appeals,,,active,0,,,,assisted_appointment,,,,,,,,,https://judicialperformance.colorado.gov/2026-judicial-performance-evaluations-full-list,2026-09-06
32,Pax Moultrie,CO Court of Appeals,,,active,0,,,,assisted_appointment,,,,,,,,,https://judicialperformance.colorado.gov/2026-judicial-performance-evaluations-full-list,2026-09-06
29,Rebecca Rankin Freyre,CO Court of Appeals,,,active,0,,,,assisted_appointment,,,,,,,,,https://judicialperformance.colorado.gov/2026-judicial-performance-evaluations-full-list,2026-09-06
155,Laura C. Makar,CO District,,,active,0,,,,assisted_appointment,,,,,,,,,local:verifier/judicial-intel/judges/,2026-09-06
38,Andrew C. Poland,CO District,1,,active,0,,,,assisted_appointment,,,,,,,,,https://judicialperformance.colorado.gov/2026-judicial-performance-evaluations-full-list,2026-09-06
35,Chantel E. Contiguglia,CO District,1,,active,0,,,,assisted_appointment,,,,,,,,,https://judicialperformance.colorado.gov/2026-judicial-performance-evaluations-full-list,2026-09-06
41,Christopher C. Zenisek,CO District,1,,active,0,,,,assisted_appointment,,,,,,,,,https://judicialperformance.colorado.gov/2026-judicial-performance-evaluations-full-list,2026-09-06
39,Christopher Rhamey,CO District,1,,active,0,,,,assisted_appointment,,,,,,,,,https://judicialperformance.colorado.gov/2026-judicial-performance-evaluations-full-list,2026-09-06
37,Meegan Miloud,CO District,1,,active,0,,,,assisted_appointment,,,,,,,,,https://judicialperformance.colorado.gov/2026-judicial-performance-evaluations-full-list,2026-09-06
36,Ryan P. Loewer,CO District,1,,active,0,,,,assisted_appointment,,,,,,,,,https://judicialperformance.colorado.gov/2026-judicial-performance-evaluations-full-list,2026-09-06
40,Tamara S. Russell,CO District,1,,active,0,,,,assisted_appointment,,,,,,,,,https://judicialperformance.colorado.gov/2026-judicial-performance-evaluations-full-list,2026-09-06
47,Andrew Luxen,CO District,2,,active,0,,,,assisted_appointment,,,,,,,,,https://judicialperformance.colorado.gov/2026-judicial-performance-evaluations-full-list,2026-09-06
42,Christopher J. Baumann,CO District,2,,active,0,,,,assisted_appointment,,,,,,,,,https://judicialperformance.colorado.gov/2026-judicial-performance-evaluations-full-list,2026-09-06
46,Elizabeth D. Leith,CO District,2,,active,0,,,,assisted_appointment,,,,,,,,,https://judicialperformance.colorado.gov/2026-judicial-performance-evaluations-full-list,2026-09-06
48,Elizabeth Joan McCarthy,CO District,2,,active,0,,,,assisted_appointment,,,,,,,,,https://judicialperformance.colorado.gov/2026-judicial-performance-evaluations-full-list,2026-09-06
44,John Eric Elliff,CO District,2,,active,0,,,,assisted_appointment,,,,,,,,,https://judicialperformance.colorado.gov/2026-judicial-performance-evaluations-full-list,2026-09-06
49,Jon J. Olafson,CO District,2,,active,0,,,,assisted_appointment,,,,,,,,,https://judicialperformance.colorado.gov/2026-judicial-performance-evaluations-full-list,2026-09-06
45,Lisa Gomez,CO District,2,,active,0,,,,assisted_appointment,,,,,,,,,https://judicialperformance.colorado.gov/2026-judicial-performance-evaluations-full-list,2026-09-06
43,Michael W.V. Angel,CO District,2,,active,0,,,,assisted_appointment,,,,,,,,,https://judicialperformance.colorado.gov/2026-judicial-performance-evaluations-full-list,2026-09-06
50,Sarah Block Wallace,CO District,2,,active,0,,,,assisted_appointment,,,,,,,,,https://judicialperformance.colorado.gov/2026-judicial-performance-evaluations-full-list,2026-09-06
51,Pierce L. Fowler,CO District,3,,active,0,,,,assisted_appointment,,,,,,,,,https://judicialperformance.colorado.gov/2026-judicial-performance-evaluations-full-list,2026-09-06
56,Amanda J. Philipps,CO District,4,,active,0,,,,assisted_appointment,,,,,,,,,https://judicialperformance.colorado.gov/2026-judicial-performance-evaluations-full-list,2026-09-06
55,Dennis L. McGuire,CO District,4,,active,0,,,,assisted_appointment,,,,,,,,,https://judicialperformance.colorado.gov/2026-judicial-performance-evaluations-full-list,2026-09-06
52,Erin Lynn Sokol,CO District,4,,active,0,,,,assisted_appointment,,,,,,,,,https://judicialperformance.colorado.gov/2026-judicial-performance-evaluations-full-list,2026-09-06
57,Gregory Robert Werner,CO District,4,,active,0,,,,assisted_appointment,,,,,,,,,https://judicialperformance.colorado.gov/2026-judicial-performance-evaluations-full-list,2026-09-06
54,Hilary Gurney,CO District,4,,active,0,,,,assisted_appointment,,,,,,,,,https://judicialperformance.colorado.gov/2026-judicial-performance-evaluations-full-list,2026-09-06
53,William B. Bain,CO District,4,,active,0,,,,assisted_appointment,,,,,,,,,https://judicialperformance.colorado.gov/2026-judicial-performance-evaluations-full-list,2026-09-06
58,D. Cory Jackson,CO District,7,,active,0,,,,assisted_appointment,,,,,,,,,https://judicialperformance.colorado.gov/2026-judicial-performance-evaluations-full-list,2026-09-06
59,Kellie L. Starritt,CO District,7,,active,0,,,,assisted_appointment,,,,,,,,,https://judicialperformance.colorado.gov/2026-judicial-performance-evaluations-full-list,2026-09-06
152,Anne K. Norrdin,CO District,9,,active,0,,,,assisted_appointment,,,,,,,,,local:verifier/judicial-intel/judges/,2026-09-06
154,Christopher G. Seldin,CO District,9,,former,0,,,,assisted_appointment,,,,,,,,,local:verifier/judicial-intel/judges/,2026-09-06
60,Elise Myer,CO District,9,,active,0,,,,assisted_appointment,,,,,,,,,https://judicialperformance.colorado.gov/2026-judicial-performance-evaluations-full-list,2026-09-06
153,John F. Neiley,CO District,9,,active,0,,,,assisted_appointment,,,,,,,,,local:verifier/judicial-intel/judges/,2026-09-06
63,Allison P. Ernst,CO District,10,,active,0,,,,assisted_appointment,,,,,,,,,https://judicialperformance.colorado.gov/2026-judicial-performance-evaluations-full-list,2026-09-06
62,Michelle Chostner,CO District,10,,active,0,,,,assisted_appointment,,,,,,,,,https://judicialperformance.colorado.gov/2026-judicial-performance-evaluations-full-list,2026-09-06
64,Tayler M. Thomas,CO District,10,,active,0,,,,assisted_appointment,,,,,,,,,https://judicialperformance.colorado.gov/2026-judicial-performance-evaluations-full-list,2026-09-06
61,William David Alexander,CO District,10,,active,0,,,,assisted_appointment,,,,,,,,,https://judicialperformance.colorado.gov/2026-judicial-performance-evaluations-full-list,2026-09-06
65,Amanda Hunter,CO District,11,,active,0,,,,assisted_appointment,,,,,,,,,https://judicialperformance.colorado.gov/2026-judicial-performance-evaluations-full-list,2026-09-06
66,Dayna L. Vise,CO District,11,,active,0,,,,assisted_appointment,,,,,,,,,https://judicialperformance.colorado.gov/2026-judicial-performance-evaluations-full-list,2026-09-06
67,Amanda C. Hopkins,CO District,12,,active,0,,,,assisted_appointment,,,,,,,,,https://judicialperformance.colorado.gov/2026-judicial-performance-evaluations-full-list,2026-09-06
68,Michael A. Gonzales,CO District,12,,active,0,,,,assisted_appointment,,,,,,,,,https://judicialperformance.colorado.gov/2026-judicial-performance-evaluations-full-list,2026-09-06
69,Dina M. Christiansen,CO District,13,,active,0,,,,assisted_appointment,,,,,,,,,https://judicialperformance.colorado.gov/2026-judicial-performance-evaluations-full-list,2026-09-06
70,Brittany Schneider,CO District,14,,active,0,,,,assisted_appointment,,,,,,,,,https://judicialperformance.colorado.gov/2026-judicial-performance-evaluations-full-list,2026-09-06
151,Michael A. O'Hara III,CO District,14,,active,0,,,,assisted_appointment,,,,,,,,,local:verifier/judicial-intel/judges/,2026-09-06
71,Tarryn L. Johnson,CO District,15,,active,0,,,,assisted_appointment,,,,,,,,,https://judicialperformance.colorado.gov/2026-judicial-performance-evaluations-full-list,2026-09-06
72,Caryn A. Datz,CO District,17,,active,0,,,,assisted_appointment,,,,,,,,,https://judicialperformance.colorado.gov/2026-judicial-performance-evaluations-full-list,2026-09-06
75,Jeffrey Dean Ruff,CO District,17,,active,0,,,,assisted_appointment,,,,,,,,,https://judicialperformance.colorado.gov/2026-judicial-performance-evaluations-full-list,2026-09-06
76,Kelley R. Southerland,CO District,17,,active,0,,,,assisted_appointment,,,,,,,,,https://judicialperformance.colorado.gov/2026-judicial-performance-evaluations-full-list,2026-09-06
74,Priscilla Loew,CO District,17,,active,0,,,,assisted_appointment,,,,,,,,,https://judicialperformance.colorado.gov/2026-judicial-performance-evaluations-full-list,2026-09-06
73,Sean Patrick Finn,CO District,17,,active,0,,,,assisted_appointment,,,,,,,,,https://judicialperformance.colorado.gov/2026-judicial-performance-evaluations-full-list,2026-09-06
85,Christine A. Washburn,CO District,18,,active,0,,,,assisted_appointment,,,,,,,,,https://judicialperformance.colorado.gov/2026-judicial-performance-evaluations-full-list,2026-09-06
84,Darren L. Vahle,CO District,18,,active,0,,,,assisted_appointment,,,,,,,,,https://judicialperformance.colorado.gov/2026-judicial-performance-evaluations-full-list,2026-09-06
82,David N. Karpel,CO District,18,,active,0,,,,assisted_appointment,,,,,,,,,https://judicialperformance.colorado.gov/2026-judicial-performance-evaluations-full-list,2026-09-06
79,Jacob A. Edson,CO District,18,,active,0,,,,assisted_appointment,,,,,,,,,https://judicialperformance.colorado.gov/2026-judicial-performance-evaluations-full-list,2026-09-06
78,LaQunya Latrese Baker-McKay,CO District,18,,active,0,,,,assisted_appointment,,,,,,,,,https://judicialperformance.colorado.gov/2026-judicial-performance-evaluations-full-list,2026-09-06
77,Michelle Ann Amico,CO District,18,,active,0,,,,assisted_appointment,,,,,,,,,https://judicialperformance.colorado.gov/2026-judicial-performance-evaluations-full-list,2026-09-06
81,Michelle Jones,CO District,18,,active,0,,,,assisted_appointment,,,,,,,,,https://judicialperformance.colorado.gov/2026-judicial-performance-evaluations-full-list,2026-09-06
83,Natalie G. Stricklin,CO District,18,,active,0,,,,assisted_appointment,,,,,,,,,https://judicialperformance.colorado.gov/2026-judicial-performance-evaluations-full-list,2026-09-06
80,Thomas W. Henderson,CO District,18,,active,0,,,,assisted_appointment,,,,,,,,,https://judicialperformance.colorado.gov/2026-judicial-performance-evaluations-full-list,2026-09-06
86,Audrey A. Galloway,CO District,19,,active,0,,,,assisted_appointment,,,,,,,,,https://judicialperformance.colorado.gov/2026-judicial-performance-evaluations-full-list,2026-09-06
87,Timothy Gerard Kerns,CO District,19,,active,0,,,,assisted_appointment,,,,,,,,,https://judicialperformance.colorado.gov/2026-judicial-performance-evaluations-full-list,2026-09-06
90,J. Chris Larson,CO District,20,,active,0,,,,assisted_appointment,,,,,,,,,https://judicialperformance.colorado.gov/2026-judicial-performance-evaluations-full-list,2026-09-06
89,Michael Kotlarczyk,CO District,20,,active,0,,,,assisted_appointment,,,,,,,,,https://judicialperformance.colorado.gov/2026-judicial-performance-evaluations-full-list,2026-09-06
88,Nancy Woodruff Salomone,CO District,20,,active,0,,,,assisted_appointment,,,,,,,,,https://judicialperformance.colorado.gov/2026-judicial-performance-evaluations-full-list,2026-09-06
92,Craig Peter Henderson,CO District,21,,active,0,,,,assisted_appointment,,,,,,,,,https://judicialperformance.colorado.gov/2026-judicial-performance-evaluations-full-list,2026-09-06
93,Gretchen B. Larson,CO District,21,,active,0,,,,assisted_appointment,,,,,,,,,https://judicialperformance.colorado.gov/2026-judicial-performance-evaluations-full-list,2026-09-06
94,JenniLynn E. Lawrence,CO District,21,,active,0,,,,assisted_appointment,,,,,,,,,https://judicialperformance.colorado.gov/2026-judicial-performance-evaluations-full-list,2026-09-06
91,Jeremy Chaffin,CO District,21,,active,0,,,,assisted_appointment,,,,,,,,,https://judicialperformance.colorado.gov/2026-judicial-performance-evaluations-full-list,2026-09-06
95,William Young Furse,CO District,22,,active,0,,,,assisted_appointment,,,,,,,,,https://judicialperformance.colorado.gov/2026-judicial-performance-evaluations-full-list,2026-09-06
96,Andrew Baum,CO District,23,,active,0,,,,assisted_appointment,,,,,,,,,https://judicialperformance.colorado.gov/2026-judicial-performance-evaluations-full-list,2026-09-06
99,Daniel W. Warhola,CO District,23,,active,0,,,,assisted_appointment,,,,,,,,,https://judicialperformance.colorado.gov/2026-judicial-performance-evaluations-full-list,2026-09-06
98,Theresa Slade,CO District,23,,active,0,,,,assisted_appointment,,,,,,,,,https://judicialperformance.colorado.gov/2026-judicial-performance-evaluations-full-list,2026-09-06
97,Victoria E. Klingensmith,CO District,23,,active,0,,,,assisted_appointment,,,,,,,,,https://judicialperformance.colorado.gov/2026-judicial-performance-evaluations-full-list,2026-09-06
13,Alex J. Martinez,CO Supreme,,,retired,0,,1997-01-01,2011-10-31,assisted_appointment,,,,,,,3924,1951-01-01,CourtListener positions?court=colo,2026-09-06
11,Allison H. Eid,CO Supreme,,,unknown,0,,2006-03-13,,assisted_appointment,,,,,,,3902,1965-01-01,CourtListener positions?court=colo,2026-09-06
16,Anthony Vollack,CO Supreme,,,retired,0,,1986-02-01,1998-07-31,assisted_appointment,,,,,,,3938,1929-01-01,CourtListener positions?court=colo,2026-09-06
2,Brian D. Boatright,CO Supreme,,,active,0,,2011-01-01,,assisted_appointment,John Hickenlooper,D,Denver,1962,2034,2025,,,https://ballotpedia.org/Colorado_Supreme_Court; https://en.wikipedia.org/wiki/Colorado_Supreme_Court; https://www.coloradojudicial.gov/supreme-court/supreme-court-judges-and-staff,2026-09-06
5,Carlos Armando Samour Jr.,CO Supreme,,,active,0,,2018-01-01,,assisted_appointment,John Hickenlooper,D,Denver,1966,2038,2028,,,https://ballotpedia.org/Colorado_Supreme_Court; https://en.wikipedia.org/wiki/Colorado_Supreme_Court; https://www.coloradojudicial.gov/supreme-court/supreme-court-judges-and-staff,2026-09-06
25,Edward E. Pringle,CO Supreme,,,retired,0,,1961-10-30,1979-07-10,assisted_appointment,,,,,,,3929,1914-04-12,CourtListener positions?court=colo,2026-09-06
18,George E. Lohr,CO Supreme,,,retired,0,,1979-12-14,1997-01-14,assisted_appointment,,,,,,,3921,1931-07-15,CourtListener positions?court=colo,2026-09-06
10,Gregory J. Hobbs Jr.,CO Supreme,,,unknown,0,,1996-04-18,,assisted_appointment,,,,,,,3909,1944-01-01,CourtListener positions?court=colo,2026-09-06
15,Gregory K. Scott,CO Supreme,,,retired,0,,1993-01-12,2000-03-15,assisted_appointment,,,,,,,3934,1943-01-01,CourtListener positions?court=colo,2026-09-06
17,Howard M. Kirshbaum,CO Supreme,,,retired,0,,1983-05-02,1997-01-14,assisted_appointment,,,,,,,3915,1938-06-17,CourtListener positions?court=colo,2026-09-06
28,James K. Groves,CO Supreme,,,retired,0,,1968-05-13,1980-04-06,assisted_appointment,,,,,,,3905,1910-11-28,CourtListener positions?court=colo,2026-09-06
22,Jean E. Dubofsky,CO Supreme,,,retired,0,,1979-07-16,1987-06-29,assisted_appointment,,,,,,,3901,1942-05-11,CourtListener positions?court=colo,2026-09-06
21,Joseph R. Quinn,CO Supreme,,,retired,0,,1980-06-02,1993-01-12,assisted_appointment,,,,,,,3930,1932-03-14,CourtListener positions?court=colo,2026-09-06
24,Leonard v. B. Sutton,CO Supreme,,,retired,0,,1956-03-02,1968-04-01,assisted_appointment,,,,,,,3937,1914-12-21,CourtListener positions?court=colo,2026-09-06
20,Luis D. Rovira,CO Supreme,,,retired,0,,1979-02-01,1995-06-30,assisted_appointment,,,,,,,3932,1923-01-01,CourtListener positions?court=colo,2026-09-06
6,Maria E. Berkenkotter,CO Supreme,,,active,0,,2021-01-01,,assisted_appointment,Jared Polis,D,Denver,1962,2034,2031,,,https://ballotpedia.org/Colorado_Supreme_Court; https://en.wikipedia.org/wiki/Colorado_Supreme_Court; https://www.coloradojudicial.gov/supreme-court/supreme-court-judges-and-staff,2026-09-06
12,Mary J. Mullarkey,CO Supreme,,,retired,0,,1987-06-29,2010-11-30,assisted_appointment,,,,,,,3927,1943-04-25,CourtListener positions?court=colo,2026-09-06
1,Monica M. Márquez,CO Supreme,,,active,1,2024-07-26,2010-12-10,,assisted_appointment,Bill Ritter,D,Yale,1969,2041,2020,,,https://ballotpedia.org/Colorado_Supreme_Court; https://en.wikipedia.org/wiki/Colorado_Supreme_Court; https://www.coloradojudicial.gov/supreme-court/supreme-court-judges-and-staff,2026-09-06
9,Nancy E. Rice,CO Supreme,,,unknown,0,,1998-08-05,,assisted_appointment,,,,,,,3931,1950-06-02,CourtListener positions?court=colo,2026-09-06
8,Nathan B. Coats,CO Supreme,,,retired,0,,2000-01-01,2020-12-31,assisted_appointment,Bill Owens,R,Colorado,1948,,,,1948-01-01,CourtListener positions?court=colo,2026-09-06
27,Paul V. Hodges,CO Supreme,,,retired,0,,1967-01-01,1987-01-13,assisted_appointment,,,,,,,3910,1913-12-27,CourtListener positions?court=colo,2026-09-06
14,Rebecca Love Kourlis,CO Supreme,,,retired,0,,1995-05-01,2006-01-10,assisted_appointment,,,,,,,3917,1952-11-11,CourtListener positions?court=colo,2026-09-06
4,Richard L. Gabriel,CO Supreme,,,active,0,,2015-01-01,,assisted_appointment,John Hickenlooper,D,Penn,1962,2034,2025,,,https://ballotpedia.org/Colorado_Supreme_Court; https://en.wikipedia.org/wiki/Colorado_Supreme_Court; https://www.coloradojudicial.gov/supreme-court/supreme-court-judges-and-staff,2026-09-06
26,Robert B. Lee,CO Supreme,,,retired,0,,1969-01-11,1983-01-11,assisted_appointment,,,,,,,3919,1912-11-21,CourtListener positions?court=colo,2026-09-06
7,Susan Blanco,CO Supreme,,,active,0,,2026-01-01,,assisted_appointment,Jared Polis,D,Boulder,1977,2049,2036,,,https://ballotpedia.org/Colorado_Supreme_Court; https://en.wikipedia.org/wiki/Colorado_Supreme_Court; https://www.coloradojudicial.gov/supreme-court/supreme-court-judges-and-staff,2026-09-06
23,William D. Neighbors,CO Supreme,,,retired,0,,1983-01-11,1986-02-01,assisted_appointment,,,,,,,3928,1939-09-05,CourtListener positions?court=colo,2026-09-06
19,William H. Erickson,CO Supreme,,,retired,0,,1971-02-03,1996-05-01,assisted_appointment,,,,,,,3903,1924-09-16,CourtListener positions?court=colo,2026-09-06
3,William W. Hood III,CO Supreme,,,active,0,,2014-01-13,,assisted_appointment,John Hickenlooper,D,Virginia,1963,2035,2024,,,https://ballotpedia.org/Colorado_Supreme_Court; https://en.wikipedia.org/wiki/Colorado_Supreme_Court; https://www.coloradojudicial.gov/supreme-court/supreme-court-judges-and-staff,2026-09-06
