"tablescraper-selected-row","tablescraper-selected-row 2","tablescraper-selected-row href"
"Saxophone parts are transposing parts, and the alto, tenor, soprano, and baritone each sit in a different key. A saxophone sheet music maker handles the transposition, the range, and the playback so you write the part the player reads.  runs in your browser with each saxophone preconfigured to its concert-pitch offset. This article walks through writing your first saxophone score, the sax-specific features that matter, and how to share or export what you've written.","Flat","https://flat.io/?hl=en&ref=blog.flat.io"
"Writing your first saxophone score in Flat","",""
"Open Flat, sign in, and start a new score. Pick the saxophone you're writing for from the instrument list: Alto Sax (in Eb), Tenor Sax (in Bb), Soprano Sax (in Bb), or Baritone Sax (in Eb). Flat sets up a treble-clef staff with the right transposition built in. Click any rest and either type the note name or click the staff position. The  covers the basics if you want a fuller walkthrough.","step-by-step tutorial","https://help.flat.io/en/music-notation-software/step-by-step-tutorial/?ref=blog.flat.io"
"Saxophone-specific features that matter","",""
"A saxophone part isn't just notes in treble clef. Here's what Flat gives you for the things saxophonists actually need to write:","",""
"Pick Alto, Tenor, Soprano, or Baritone Sax and Flat applies the right transposition. Switch the instrument later and Flat re-transposes the existing notes so the line still sounds the same.💡","Automatic Eb and Bb transposition.","https://help.flat.io/en/music-notation-software/transpose/?ref=blog.flat.io"
"Sharing and exporting your saxophone score","",""
"When the score is ready, click Share for a public link, invite collaborators by email for real-time editing, or open the  to download as PDF, MIDI, or MusicXML. PDF is what most sax players want on a stand, already in their transposition. MIDI sends the line into a DAW. MusicXML lets another notation tool open the file with the transposition and chord symbols intact. A bandleader can hand each section a transposed part from the same source score.","export menu","https://help.flat.io/en/music-notation-software/print-export/?ref=blog.flat.io#exportdownload-your-score"
"Find inspiration in the Flat community","",""
"Flat hosts more than 100,000 user-published scores, including a lot of sax solos, lead sheets, and big-band charts.  to see how other composers voiced a section, paced a solo, or laid out a chart. You can clone any public score into your own account and start editing from there.","Browse the community scores","https://flat.io/popular?hl=en&ref=blog.flat.io"
"Why Flat for saxophone","",""
"Most sax notation tools require an install and a learning curve before you write a single note. Flat opens in your browser, the Eb or Bb transposition is set the moment you pick the instrument, and the playback uses recorded saxophone samples instead of a generic reed sound. Real-time collaboration lets a teacher, bandleader, or arranger work in the same score with you without sending files back and forth.","",""
"Ready to write your first saxophone piece? !","Try Flat for free","https://flat.io/auth/signup?hl=en&ref=blog.flat.io"
"","",""