"tablescraper-selected-row","tablescraper-selected-row 3"
"Today, I'll guide you through the fascinating world of modulation, yet another key to evoking the desired emotions in your audience. As we reach the final article of our series, "","" I must admit that this topic holds a special place in my heart. In previous articles, we explored various elements of composition to create specific emotional responses. But what if we aim to craft a complex narrative, an experience brimming with a diverse range of emotions? That's where modulation comes into play.",""
"What is modulation?",""
"Modulation holds immense emotional power in music. It involves changing from one key to another, impacting the feel of listening to a song. There are various ways and techniques to modulate; there's no one-size-fits-all approach. However, it's crucial to handle modulation with subtlety and grace. A careless modulation  can easily lead to distractions or disrupt the flow of the song.",""
"To successfully modulate, ask yourself three important questions:",""
"Which emotion do I want to evoke?","How can I achieve this transition?"
"By answering these questions, you can choose the right keys to skillfully project your desired emotion in the music.",""
"💡Learn more about choosing the key in our dedicated article",""
"When it comes to modulation, there are two factors to consider. First, you need to think about the key from which the modulation will begin. Second, you must determine the key to which you want to transition. Once these keys are established, you have to figure out how to smoothly connect them together. This bridge between keys plays a vital role in creating a smooth modulation.",""
"How can I connect the keys?",""
"As mentioned before, there isn't just one way to do it. There are four techniques that I really like because they are simple and effective.",""
"Pivot-chord",""
"A pivot-chord is a chord that exists in both keys. To modulate, you find a chord that can be used in both keys.",""
"For example, if you want to modulate from G to F, you look at the chords in each key: G: G  Bm  D Em F#dim F: F Gm Bb  Dm Edim 💡 To refresh your memory about how to build the chords of a scale, check out our dedicated article .","Am"
"From the list above you can see that the common chords are Am and C, so these are the chords you want to use in the modulation.",""
"","2. Melody-driven"
"In this technique, you utilize the melody as a bridge for modulation. Pay close attention to the melody's notes, identify the shared notes between both keys, and make a confident decision.",""
"For instance, let's consider modulating from A to Db. Here are the notes and chords for each key:",""
"A:",""
"A B  D E  G#","C#"
"A Bm C#m D E F#m Gdim",""
"Db",""
"Eb F  Ab Bb C","Db"
"Db Ebm Fm Gb Ab Bbm Cdim",""
"The common notes are Gb or F# and Db or C#, and apparently there are no chords in common. So, what I would do is to ch0ose one of the common notes (Gb) and use one of the Db key chords, including that note to modulate (Ebm, Gb or Cdim).",""
"","3. Using the IV chord"
"This technique is wonderfully simple, enjoyable, and yields beautiful results. All you have to do is modulate using the IV chord repeatedly until you reach the desired key.",""
"For example, let's suppose I want to modulate from D to F. The IV chord of D is G, the IV chord of G is C, and the IV chord of C is F. That's all it takes to accomplish the modulation.",""
"","4. Using the V7 chord"
"This technique focuses on using the V7 chords of each key. All you have to do is play the V7 chord of the first key and then transition to the V7 chord of the second key.",""
"For instance, if I want to modulate from Ab to C, I would play the chord Eb7 and then transition to G7 to achieve the modulation. It's as simple as that.",""
"🔥 A neat modulation is one that the audience doesn't notice while still evoking a powerful emotional impact.",""
"When it comes to modulation, nothing is impossible. It's all about discovering the connection that links one key to another.",""
"You can enhance the impact of modulation by effectively utilizing the tempo. Discover more about this topic in our dedicated article """".","Tip:"
"Finally, it is crucial to identify the appropriate moment for the modulation within our song. Each modulation should be tailored to a specific musical situation. One popular approach is incorporating modulation in the chorus or during a bridge section.",""
"I hope this series of articles will empower you to create exceptional songs. We are truly grateful for your presence in our community. Thank you!",""
"If you liked this article, check out the other articles in this series:",""
"The art of modulation","Choosing the right key"