"ytLockupViewModelContentImage href","ytCoreImageHost src","ytBadgeShapeText","ytAttributedStringHost","ytAttributedStringHost 2","ytAttributedStringHost 3"
"https://www.youtube.com/watch?v=Vmlr4wg4ups","https://i.ytimg.com/vi/Vmlr4wg4ups/hqdefault.jpg?sqp=-oaymwFBCNACELwBSFryq4qpAzMIARUAAIhCGAHYAQHiAQoIGBACGAY4AUAB8AEB-AH-CYAC0AWKAgwIABABGGUgTyhDMA8=&rs=AOn4CLDUZtK57pkQwlpHn3t6181R7njydQ","5:14","Requesting Government Contracts to Uncover Fraud and Wasteful Spending","468 views","1 month ago"
"https://www.youtube.com/watch?v=IpfowjcWci4","https://i.ytimg.com/vi/IpfowjcWci4/hqdefault.jpg?sqp=-oaymwEnCNACELwBSFryq4qpAxkIARUAAIhCGAHYAQHiAQoIGBACGAY4AUAB&rs=AOn4CLATfxt2y4LlNTBU5HLEViGczTTf8g","6:10","Lawyers are afraid of Pro Se Litigants","1.2K views","4 months ago"
"https://www.youtube.com/watch?v=Wc4oo6xNKW8","https://i.ytimg.com/vi/Wc4oo6xNKW8/hqdefault.jpg?sqp=-oaymwEnCNACELwBSFryq4qpAxkIARUAAIhCGAHYAQHiAQoIGBACGAY4AUAB&rs=AOn4CLBmJnGQIsZUNhCrW32ARtEuDFynxQ","58:44","5 Years Later 4th of July - Pro Se Litigant Destroys Case Against Her","24K views","11 months ago"
"https://www.youtube.com/watch?v=8GHiIIxayS0&t=329s","https://i.ytimg.com/vi/8GHiIIxayS0/hqdefault.jpg?sqp=-oaymwFBCNACELwBSFryq4qpAzMIARUAAIhCGAHYAQHiAQoIGBACGAY4AUAB8AEB-AH-CYAC0AWKAgwIABABGGUgVyhGMA8=&rs=AOn4CLB5LvqK-A-onYq7A52BkS5B6dp7pA","14:47","Man Singlehandedly Dismantles Case Against Him in Court","2M views","1 year ago"
"https://www.youtube.com/watch?v=kwOO10Qdogo","https://i.ytimg.com/vi/kwOO10Qdogo/hqdefault.jpg?sqp=-oaymwFBCNACELwBSFryq4qpAzMIARUAAIhCGAHYAQHiAQoIGBACGAY4AUAB8AEB-AH-CYAC0AWKAgwIABABGH8gPCg_MA8=&rs=AOn4CLDyEot88VLaJ2uRtfna3a4IAr_Gzg","1:17:16","Power Inherent in the People - Pro Se Discussion","894 views","1 year ago"
"https://www.youtube.com/watch?v=ZwLj5YiKnRs&pp=0gcJCUwLAYcqIYzv","https://i.ytimg.com/vi/ZwLj5YiKnRs/hqdefault.jpg?sqp=-oaymwEnCNACELwBSFryq4qpAxkIARUAAIhCGAHYAQHiAQoIGBACGAY4AUAB&rs=AOn4CLB_1G0t7OMpVhV8cpvZsV5eh8nDSw","47:25","Time to Worry When Cops are “HERE TO HELP”","1.8K views","1 year ago"
"https://www.youtube.com/watch?v=ShgItLKhuNI","https://i.ytimg.com/vi/ShgItLKhuNI/hqdefault.jpg?sqp=-oaymwFBCNACELwBSFryq4qpAzMIARUAAIhCGAHYAQHiAQoIGBACGAY4AUAB8AEB-AH-CYAC0AWKAgwIABABGDUgTyhyMA8=&rs=AOn4CLDZpI8F7Q18NxTmfcD1U0zmmlyPXA","10:31","Man Owns Assistant Chief Of Police Like a BOSS!","17K views","1 year ago"
"https://www.youtube.com/watch?v=atv741HfLEU","https://i.ytimg.com/vi/atv741HfLEU/hqdefault.jpg?sqp=-oaymwEnCNACELwBSFryq4qpAxkIARUAAIhCGAHYAQHiAQoIGBACGAY4AUAB&rs=AOn4CLCGqZPczH0Jd3WGW6NSUyNPKBWoFA","36:33","Security Guards Scramble To Stop Recording","878 views","1 year ago"
"https://www.youtube.com/watch?v=brXnTq2-Cfo","https://i.ytimg.com/vi/brXnTq2-Cfo/hqdefault.jpg?sqp=-oaymwFBCNACELwBSFryq4qpAzMIARUAAIhCGAHYAQHiAQoIGBACGAY4AUAB8AEB-AH-CYAC0AWKAgwIABABGHIgNyhGMA8=&rs=AOn4CLAGBE-XUNYruiad_bMDF_NG4mgDKw","4:28","If Paul Revere had no confidence","382 views","1 year ago"
"https://www.youtube.com/watch?v=bVFTU_TIdc4","https://i.ytimg.com/vi/bVFTU_TIdc4/hqdefault.jpg?sqp=-oaymwFBCNACELwBSFryq4qpAzMIARUAAIhCGAHYAQHiAQoIGBACGAY4AUAB8AEB-AH-CYAC0AWKAgwIABABGGUgUyhLMA8=&rs=AOn4CLBHVOYh6TjBCF7gyzAqU-cm703-zQ","11:28","First Amendment Audit Philly Post Office - Transit Officer Arrives on Scene","1.4K views","1 year ago"
"https://www.youtube.com/watch?v=xBIp0UPuWzs&pp=0gcJCUwLAYcqIYzv","https://i.ytimg.com/vi/xBIp0UPuWzs/hqdefault.jpg?sqp=-oaymwEnCNACELwBSFryq4qpAxkIARUAAIhCGAHYAQHiAQoIGBACGAY4AUAB&rs=AOn4CLAya5nthwBh7VtikGj31BVSg-CZNQ","3:57","Rookie Cop Gets 4 of 5 and Shows Older Cops How It’s Done","1.1K views","1 year ago"
"https://www.youtube.com/watch?v=0JZ8ScXFxaU","https://i.ytimg.com/vi/0JZ8ScXFxaU/hqdefault.jpg?sqp=-oaymwFBCNACELwBSFryq4qpAzMIARUAAIhCGAHYAQHiAQoIGBACGAY4AUAB8AEB-AHOBYACgAqKAgwIABABGGUgXihVMA8=&rs=AOn4CLA4CdWmprp5UucOWCfXL_JTKKQCrQ","4:14","Where they signed the Constitution","464 views","1 year ago"
"https://www.youtube.com/watch?v=_td9DAiDNGw","https://i.ytimg.com/vi/_td9DAiDNGw/hqdefault.jpg?sqp=-oaymwFBCNACELwBSFryq4qpAzMIARUAAIhCGAHYAQHiAQoIGBACGAY4AUAB8AEB-AH-CYAC0AWKAgwIABABGGUgWihKMA8=&rs=AOn4CLBp-TNBA5lvkOz5VzHKu9eIA-1r9Q","5:33","I Want To Start A Farmers Market - First Amendment Audit","639 views","1 year ago"
"https://www.youtube.com/watch?v=NZCKNfQvue4","https://i.ytimg.com/vi/NZCKNfQvue4/hqdefault.jpg?sqp=-oaymwEnCNACELwBSFryq4qpAxkIARUAAIhCGAHYAQHiAQoIGBACGAY4AUAB&rs=AOn4CLCuFJH6FwauBrZ-QmRNfLH5rnAI5g","22:18","5 Karens Get Schooled By 2 Auditors and 2 Cops","128K views","2 years ago"
"https://www.youtube.com/watch?v=Q7yVQMne8dg","https://i.ytimg.com/vi/Q7yVQMne8dg/hqdefault.jpg?sqp=-oaymwEnCNACELwBSFryq4qpAxkIARUAAIhCGAHYAQHiAQoIGBACGAY4AUAB&rs=AOn4CLAYQA5Fge0B15PI-uGnwGUJpKm3qA","10:58","Chief Of Police Hates This Guy’s RIGHTS!","30K views","2 years ago"
"https://www.youtube.com/watch?v=NAjksGwgg0Q","https://i.ytimg.com/vi/NAjksGwgg0Q/hqdefault.jpg?sqp=-oaymwEnCNACELwBSFryq4qpAxkIARUAAIhCGAHYAQHiAQoIGBACGAY4AUAB&rs=AOn4CLAEDKEw0LC5RDwaNYfJtt5I8yS8gA","6:12","Woman Shocks Sheriff With Her Discovery","101K views","2 years ago"
"https://www.youtube.com/watch?v=rFax8R_koaE","https://i.ytimg.com/vi/rFax8R_koaE/hqdefault.jpg?sqp=-oaymwFBCNACELwBSFryq4qpAzMIARUAAIhCGAHYAQHiAQoIGBACGAY4AUAB8AEB-AG2CIACgA-KAgwIABABGEsgWihlMA8=&rs=AOn4CLC7k4-Tj8ZKIfdw4vWBo1UYl_8Q4A","2:26","ID Refusal - Don’t Call People Names","1.1K views","2 years ago"
"https://www.youtube.com/watch?v=sEjU86LtxPs","https://i.ytimg.com/vi/sEjU86LtxPs/hqdefault.jpg?sqp=-oaymwFBCNACELwBSFryq4qpAzMIARUAAIhCGAHYAQHiAQoIGBACGAY4AUAB8AEB-AH-CYAC0AWKAgwIABABGGUgVChLMA8=&rs=AOn4CLCKUhQokKY0d_ukmnI3d7igS1lbRw","9:07","“I Don’t Pay For Officer Safety, I Pay For Public Safety!” Get Off My Property","119K views","2 years ago"
"https://www.youtube.com/watch?v=_rJzPKom8gI","https://i.ytimg.com/vi/_rJzPKom8gI/hqdefault.jpg?sqp=-oaymwEnCNACELwBSFryq4qpAxkIARUAAIhCGAHYAQHiAQoIGBACGAY4AUAB&rs=AOn4CLC1PKh2NOhFaYhdD2llBs1ObCfGqA","18:47","Veteran Cop Arrests Veteran For Recording","9.7K views","2 years ago"
"https://www.youtube.com/watch?v=-emT15NggNE","https://i.ytimg.com/vi/-emT15NggNE/hqdefault.jpg?sqp=-oaymwEnCNACELwBSFryq4qpAxkIARUAAIhCGAHYAQHiAQoIGBACGAY4AUAB&rs=AOn4CLAGqW0hmQP5icTid8caDF49MxOQVQ","25:59","Cops Thought They Were Bosses But Got Owned","397K views","2 years ago"
"https://www.youtube.com/watch?v=P8rbq-UzXLQ","https://i.ytimg.com/vi/P8rbq-UzXLQ/hqdefault.jpg?sqp=-oaymwEnCNACELwBSFryq4qpAxkIARUAAIhCGAHYAQHiAQoIGBACGAY4AUAB&rs=AOn4CLCpTr11sENI0ImSGw5J2r7bEa9gRQ","8:45","ID Refusal | You Match The Description | Cop Gets SHUTDOWN!","72K views","3 years ago"
"https://www.youtube.com/watch?v=SU9Dr4DHRt0&pp=0gcJCUwLAYcqIYzv","https://i.ytimg.com/vi/SU9Dr4DHRt0/hqdefault.jpg?sqp=-oaymwEnCNACELwBSFryq4qpAxkIARUAAIhCGAHYAQHiAQoIGBACGAY4AUAB&rs=AOn4CLBHLC5dc8UsQXXEpvNEpnaXmyjNdA","16:45","Cop Has A Need For ID | 1A Audit | ID Refusal","67K views","3 years ago"
"https://www.youtube.com/watch?v=x0a3tDLoKnY","https://i.ytimg.com/vi/x0a3tDLoKnY/hqdefault.jpg?sqp=-oaymwEnCNACELwBSFryq4qpAxkIARUAAIhCGAHYAQHiAQoIGBACGAY4AUAB&rs=AOn4CLAyxh48xxwqADt8iBnkzWHGy0-2tQ","11:29","Amazing Comeback Win for New Auditor - Tyrants Obliterated","45K views","3 years ago"
"https://www.youtube.com/watch?v=JYFpaacizco","https://i.ytimg.com/vi/JYFpaacizco/hqdefault.jpg?sqp=-oaymwEnCNACELwBSFryq4qpAxkIARUAAIhCGAHYAQHiAQoIGBACGAY4AUAB&rs=AOn4CLCdIZfTsbmrF_5qn3rAslAAsYHxAw","20:07","ID Refusal | These Karens Go Crazy Over Camera","40K views","3 years ago"
"https://www.youtube.com/watch?v=dCJm08TsVBs","https://i.ytimg.com/vi/dCJm08TsVBs/hqdefault.jpg?sqp=-oaymwEnCNACELwBSFryq4qpAxkIARUAAIhCGAHYAQHiAQoIGBACGAY4AUAB&rs=AOn4CLA1ap8eH5n3VmTIp_crwTKHI6ELPQ","11:13","Mistaken Bacon - A New Auditor is Born","32K views","3 years ago"
"https://www.youtube.com/watch?v=m8HDp0wx2dk","https://i.ytimg.com/vi/m8HDp0wx2dk/hqdefault.jpg?sqp=-oaymwEnCNACELwBSFryq4qpAxkIARUAAIhCGAHYAQHiAQoIGBACGAY4AUAB&rs=AOn4CLBsrb21jqbnVpXUoEmhUL7be9u36A","21:06","These Deputies LOSE IT On This Auditor | First Amendment Audit | Huge FAIL!","48K views","3 years ago"
"https://www.youtube.com/watch?v=d8yIbDQC6hg","https://i.ytimg.com/vi/d8yIbDQC6hg/hqdefault.jpg?sqp=-oaymwEnCNACELwBSFryq4qpAxkIARUAAIhCGAHYAQHiAQoIGBACGAY4AUAB&rs=AOn4CLCNR-KL9Cz5aEE_MlDQH1kj69ZeJQ","3:48","This State Is Trying To Ban First Amendment Audits!","20K views","3 years ago"
"https://www.youtube.com/watch?v=Oiw3qKI-ANI","https://i.ytimg.com/vi/Oiw3qKI-ANI/hqdefault.jpg?sqp=-oaymwEnCNACELwBSFryq4qpAxkIARUAAIhCGAHYAQHiAQoIGBACGAY4AUAB&rs=AOn4CLDPm6Rg-TeC_Uf5XA09mCR7UMri9w","13:03","Social Workers Get Taught a Lesson On the Law","45K views","3 years ago"
"https://www.youtube.com/watch?v=bcpXxPq30S0","https://i.ytimg.com/vi/bcpXxPq30S0/hqdefault.jpg?sqp=-oaymwFBCNACELwBSFryq4qpAzMIARUAAIhCGAHYAQHiAQoIGBACGAY4AUAB8AEB-AH-CYAC0AWKAgwIABABGGUgVihMMA8=&rs=AOn4CLDog-u3KaPiwug8u458_mCtokVpwQ","15:37","Cops Quickly Find Out They Are Not The Boss","63K views","3 years ago"
"https://www.youtube.com/watch?v=1GdmREGv_Zo","https://i.ytimg.com/vi/1GdmREGv_Zo/hqdefault.jpg?sqp=-oaymwEnCNACELwBSFryq4qpAxkIARUAAIhCGAHYAQHiAQoIGBACGAY4AUAB&rs=AOn4CLBXTWCWoCzs40EYLqnXJfSuF2pi6Q","14:35","This Officer’s Ego Is Out Of Control - ID Refusal","61K views","3 years ago"
"https://www.youtube.com/watch?v=ERW6rIPCJA8","https://i.ytimg.com/vi/ERW6rIPCJA8/hqdefault.jpg?sqp=-oaymwFBCNACELwBSFryq4qpAzMIARUAAIhCGAHYAQHiAQoIGBACGAY4AUAB8AEB-AH-CYAC0AWKAgwIABABGF4gTShlMA8=&rs=AOn4CLCfzTZNL1XttAdGs1vi6IW3WL5oSw","22:59","Cops Want New Auditor’s ID but FAIL Miserably","19K views","3 years ago"
"https://www.youtube.com/watch?v=jlFgkTh3hHQ","https://i.ytimg.com/vi/jlFgkTh3hHQ/hqdefault.jpg?sqp=-oaymwFBCNACELwBSFryq4qpAzMIARUAAIhCGAHYAQHiAQoIGBACGAY4AUAB8AEB-AH-CYAC0AWKAgwIABABGGUgSSg_MA8=&rs=AOn4CLARMz457nMupuCgZfU9W8sBmcDBPA","4:08","Arizona Jump Out Boys do the Drive of Shame","10K views","3 years ago"
"https://www.youtube.com/watch?v=aZvx1aVf2JM","https://i.ytimg.com/vi/aZvx1aVf2JM/hqdefault.jpg?sqp=-oaymwEnCNACELwBSFryq4qpAxkIARUAAIhCGAHYAQHiAQoIGBACGAY4AUAB&rs=AOn4CLAcWQ1E51iGabv2Ya5Xj_0ciaN_OQ","7:47","Talking to COPS how they talk to me","55K views","3 years ago"
"https://www.youtube.com/watch?v=dRrcLJdJFPY","https://i.ytimg.com/vi/dRrcLJdJFPY/hqdefault.jpg?sqp=-oaymwEnCNACELwBSFryq4qpAxkIARUAAIhCGAHYAQHiAQoIGBACGAY4AUAB&rs=AOn4CLARzNOJZWJNxOE0lMxfEoFVgoDWeg","4:05","Man Destroys Ticket in Court","23K views","3 years ago"
"https://www.youtube.com/watch?v=2Vrhj4U4NTU","https://i.ytimg.com/vi/2Vrhj4U4NTU/hqdefault.jpg?sqp=-oaymwEnCNACELwBSFryq4qpAxkIARUAAIhCGAHYAQHiAQoIGBACGAY4AUAB&rs=AOn4CLC6J-9U80KJlu-el948zgestFT7Xw","5:04","This Deputy Thinks She’s The Ruler Of The WORLD!","144K views","3 years ago"
"https://www.youtube.com/watch?v=872-YJiR7vU","https://i.ytimg.com/vi/872-YJiR7vU/hqdefault.jpg?sqp=-oaymwEnCNACELwBSFryq4qpAxkIARUAAIhCGAHYAQHiAQoIGBACGAY4AUAB&rs=AOn4CLAHLiTvf8kPnAv07sNBkvh9WY5ItA","6:32","Smell Is NOT Probable Cause - Officer Fakes IT!","39K views","3 years ago"
"https://www.youtube.com/watch?v=y8uT6pYUqLc","https://i.ytimg.com/vi/y8uT6pYUqLc/hqdefault.jpg?sqp=-oaymwEnCNACELwBSFryq4qpAxkIARUAAIhCGAHYAQHiAQoIGBACGAY4AUAB&rs=AOn4CLDQrr75Vplg13lNbbIOlCMEMcmHlA","11:57","Arrested for sitting in the car not bothering anyone","88K views","3 years ago"
"https://www.youtube.com/watch?v=eD75H4PzRY0","https://i.ytimg.com/vi/eD75H4PzRY0/hqdefault.jpg?sqp=-oaymwEnCNACELwBSFryq4qpAxkIARUAAIhCGAHYAQHiAQoIGBACGAY4AUAB&rs=AOn4CLDP8kPFi_HKRKv1vMJHiM1RoYLuGA","5:11","This Cop Does His Best To Stop Us From Recording - HE FAILS!","98K views","3 years ago"
"https://www.youtube.com/watch?v=-0DiJO4-0PY","https://i.ytimg.com/vi/-0DiJO4-0PY/hqdefault.jpg?sqp=-oaymwEnCNACELwBSFryq4qpAxkIARUAAIhCGAHYAQHiAQoIGBACGAY4AUAB&rs=AOn4CLBKN4MOumqn9O47X-NK4X5ZhLW2MA","9:44","This Public Official Doesn’t Like Being Recorded - TOO BAD!","36K views","3 years ago"
"https://www.youtube.com/watch?v=Wj0PQBmLV6c","https://i.ytimg.com/vi/Wj0PQBmLV6c/hqdefault.jpg?sqp=-oaymwEnCNACELwBSFryq4qpAxkIARUAAIhCGAHYAQHiAQoIGBACGAY4AUAB&rs=AOn4CLBIr8d8uvtsJnn3e6-JZcAfFcPzrw","3:11","ID Refusal Sends This Cop Walking Away QUICK!","87K views","3 years ago"
"https://www.youtube.com/watch?v=NrLDGyxOnkk","https://i.ytimg.com/vi/NrLDGyxOnkk/hqdefault.jpg?sqp=-oaymwEnCNACELwBSFryq4qpAxkIARUAAIhCGAHYAQHiAQoIGBACGAY4AUAB&rs=AOn4CLDefMFboTrkoXw3vNzE2Wjs4h5gGQ","10:22","This Cop Thinks He Can Tell Me To Back Up - HE’S WRONG!","47K views","3 years ago"
"https://www.youtube.com/watch?v=Tgj499ozFRI&pp=0gcJCUwLAYcqIYzv","https://i.ytimg.com/vi/Tgj499ozFRI/hqdefault.jpg?sqp=-oaymwEnCNACELwBSFryq4qpAxkIARUAAIhCGAHYAQHiAQoIGBACGAY4AUAB&rs=AOn4CLB7ct3tPHlLfkLRBYW8FRr1COlEJg","5:19","Officer Gets Caught Lacking - HE GETS OWNED!","20K views","3 years ago"
"https://www.youtube.com/watch?v=G5hBlmNq1fI","https://i.ytimg.com/vi/G5hBlmNq1fI/hqdefault.jpg?sqp=-oaymwEnCNACELwBSFryq4qpAxkIARUAAIhCGAHYAQHiAQoIGBACGAY4AUAB&rs=AOn4CLAFU44HUldJ_zS014JgGUynQqB8Kw","13:45","Officers Try To Enforce Policy - Things Get UGLY!","42K views","3 years ago"
"https://www.youtube.com/watch?v=2tMe4agmFOk","https://i.ytimg.com/vi/2tMe4agmFOk/hqdefault.jpg?sqp=-oaymwEnCNACELwBSFryq4qpAxkIARUAAIhCGAHYAQHiAQoIGBACGAY4AUAB&rs=AOn4CLAsCmJqX_lXwC1Vp28VR5ublv-qkQ","9:21","Deputy Comes For ID - Leaves With NOTHING!","65K views","3 years ago"
"https://www.youtube.com/watch?v=gKGi-e8fBxU","https://i.ytimg.com/vi/gKGi-e8fBxU/hqdefault.jpg?sqp=-oaymwFBCNACELwBSFryq4qpAzMIARUAAIhCGAHYAQHiAQoIGBACGAY4AUAB8AEB-AH-CYAC0AWKAgwIABABGGUgYChUMA8=&rs=AOn4CLCZ2_wRcUwKR296UQMCgcJlN8yQqQ","8:30","Awesome Update Video - Case Dismissed","85K views","3 years ago"
"https://www.youtube.com/watch?v=JOAN4AryTd8","https://i.ytimg.com/vi/JOAN4AryTd8/hqdefault.jpg?sqp=-oaymwEnCNACELwBSFryq4qpAxkIARUAAIhCGAHYAQHiAQoIGBACGAY4AUAB&rs=AOn4CLCKGJqO4GKEFNDHGkCg6eKqk14M_Q","4:19","Sergeant has a Bad Attitude - Enforcement","13K views","3 years ago"
"https://www.youtube.com/watch?v=uoiP1mZqdO4","https://i.ytimg.com/vi/uoiP1mZqdO4/hqdefault.jpg?sqp=-oaymwEnCNACELwBSFryq4qpAxkIARUAAIhCGAHYAQHiAQoIGBACGAY4AUAB&rs=AOn4CLAwWAzp7ISpuFgKOnMzTJU9JjWNzA","3:05","ID Refusal - I Don’t Answer Questions!","26K views","3 years ago"
"https://www.youtube.com/watch?v=ARWp8OaCB20","https://i.ytimg.com/vi/ARWp8OaCB20/hqdefault.jpg?sqp=-oaymwFBCNACELwBSFryq4qpAzMIARUAAIhCGAHYAQHiAQoIGBACGAY4AUAB8AEB-AHOBYACgAqKAgwIABABGHIgTShBMA8=&rs=AOn4CLCxSfnCaCZJrY_4au3S3VtkQAkM0w","8:02","ID Refusal - Cop Solicits a Trespass","21K views","3 years ago"
"https://www.youtube.com/watch?v=H-OtKvEi6aQ&pp=0gcJCUwLAYcqIYzv","https://i.ytimg.com/vi/H-OtKvEi6aQ/hqdefault.jpg?sqp=-oaymwEnCNACELwBSFryq4qpAxkIARUAAIhCGAHYAQHiAQoIGBACGAY4AUAB&rs=AOn4CLB9dr9l8KgaQ7SCI0ElXn7PCS8bPg","7:06","This is what happens when police have TOO MUCH POWER","10K views","3 years ago"
"https://www.youtube.com/watch?v=Qtlg9p8EeJ4","https://i.ytimg.com/vi/Qtlg9p8EeJ4/hqdefault.jpg?sqp=-oaymwEnCNACELwBSFryq4qpAxkIARUAAIhCGAHYAQHiAQoIGBACGAY4AUAB&rs=AOn4CLB9IU6Z51GiNrJ0AAfFyxTZjkUIXg","4:37","Cops React Quickly - The Ending Will Shock You","8K views","3 years ago"
"https://www.youtube.com/watch?v=eqNUQrId79Q","https://i.ytimg.com/vi/eqNUQrId79Q/hqdefault.jpg?sqp=-oaymwEnCNACELwBSFryq4qpAxkIARUAAIhCGAHYAQHiAQoIGBACGAY4AUAB&rs=AOn4CLAEd8kNELu6OakV0MyNgchEcSPhBQ","5:52","Officer Gets Told To MOVE!","7.1K views","3 years ago"
"https://www.youtube.com/watch?v=X2AJt_esRPk","https://i.ytimg.com/vi/X2AJt_esRPk/hqdefault.jpg?sqp=-oaymwEnCNACELwBSFryq4qpAxkIARUAAIhCGAHYAQHiAQoIGBACGAY4AUAB&rs=AOn4CLDqm8wo6jOZ1fIvKAgJsEjGHqZwaQ","4:32","Get Off Private Property Now","10K views","3 years ago"
"https://www.youtube.com/watch?v=2hrkr2o6Nn0","https://i.ytimg.com/vi/2hrkr2o6Nn0/hqdefault.jpg?sqp=-oaymwEnCNACELwBSFryq4qpAxkIARUAAIhCGAHYAQHiAQoIGBACGAY4AUAB&rs=AOn4CLAoIGTihW1O0VLMIu6VQACYUgir1w","13:25","Cop Throws Tantrum When Enforcing Laws","17K views","3 years ago"
"https://www.youtube.com/watch?v=Se2bUDE_kTU","https://i.ytimg.com/vi/Se2bUDE_kTU/hqdefault.jpg?sqp=-oaymwEnCNACELwBSFryq4qpAxkIARUAAIhCGAHYAQHiAQoIGBACGAY4AUAB&rs=AOn4CLC0YOM5O-JVgAxhSpOqrAGQExfDLA","6:47","Empty Your Pockets or Risk Going to Jail","22K views","3 years ago"
"https://www.youtube.com/watch?v=AJjRGivX1ag","https://i.ytimg.com/vi/AJjRGivX1ag/hqdefault.jpg?sqp=-oaymwEnCNACELwBSFryq4qpAxkIARUAAIhCGAHYAQHiAQoIGBACGAY4AUAB&rs=AOn4CLCMPpWtxMfbdtKTFRDe84a3Vz_QWQ","10:15","He tried but failed miserably","15K views","3 years ago"
"https://www.youtube.com/watch?v=wAcFHdyo6u0&pp=0gcJCUwLAYcqIYzv","https://i.ytimg.com/vi/wAcFHdyo6u0/hqdefault.jpg?sqp=-oaymwEnCNACELwBSFryq4qpAxkIARUAAIhCGAHYAQHiAQoIGBACGAY4AUAB&rs=AOn4CLALzmrP9Yi2x-Rcl1E-ZnrSUiGi1w","7:10","Chief Is CLUELESS On The Rights Of The PEOPLE!","26K views","3 years ago"
"https://www.youtube.com/watch?v=DAcrDcv5JVU","https://i.ytimg.com/vi/DAcrDcv5JVU/hqdefault.jpg?sqp=-oaymwEnCNACELwBSFryq4qpAxkIARUAAIhCGAHYAQHiAQoIGBACGAY4AUAB&rs=AOn4CLD-62rEmdu_snjIG0LUQpJ4osusIg","15:50","I Have An Excuse To Do What I Want","23K views","3 years ago"
"https://www.youtube.com/watch?v=ej1jsuAIe0o","https://i.ytimg.com/vi/ej1jsuAIe0o/hqdefault.jpg?sqp=-oaymwEnCNACELwBSFryq4qpAxkIARUAAIhCGAHYAQHiAQoIGBACGAY4AUAB&rs=AOn4CLC-vBvPtst9wGKyTQi5UD_TUC9vyA","18:43","They tried to shut him up again for 6 minutes","11K views","3 years ago"
"https://www.youtube.com/watch?v=2Lxcbam-Mos","https://i.ytimg.com/vi/2Lxcbam-Mos/hqdefault.jpg?sqp=-oaymwFBCNACELwBSFryq4qpAzMIARUAAIhCGAHYAQHiAQoIGBACGAY4AUAB8AEB-AH-CYAC0AWKAgwIABABGGUgXChWMA8=&rs=AOn4CLD6__mooeBqJCI825MKz5XD-NxBqA","12:26","How to own CPS when they come around","485K views","3 years ago"
"https://www.youtube.com/watch?v=iVD_WsKY0Uw","https://i.ytimg.com/vi/iVD_WsKY0Uw/hqdefault.jpg?sqp=-oaymwFBCNACELwBSFryq4qpAzMIARUAAIhCGAHYAQHiAQoIGBACGAY4AUAB8AEB-AH-CYAC0AWKAgwIABABGE4gTihlMA8=&rs=AOn4CLC_dTpFYWeQt8OIbHjn5OQ_s4yVcQ","7:25","Next time you should say, “I Don’t Answer Questions!”","15K views","3 years ago"
"https://www.youtube.com/watch?v=0BKVd2k5hMM","https://i.ytimg.com/vi/0BKVd2k5hMM/hqdefault.jpg?sqp=-oaymwFBCNACELwBSFryq4qpAzMIARUAAIhCGAHYAQHiAQoIGBACGAY4AUAB8AEB-AH-CYAC0AWKAgwIABABGFMgVyhlMA8=&rs=AOn4CLAruw1GeeXZNSbg0xjw9OVj5d8hmw","10:36","I don’t wish to help with your investigation","72K views","3 years ago"
"https://www.youtube.com/watch?v=lw5x4qfNEyo","https://i.ytimg.com/vi/lw5x4qfNEyo/hqdefault.jpg?sqp=-oaymwFBCNACELwBSFryq4qpAzMIARUAAIhCGAHYAQHiAQoIGBACGAY4AUAB8AEB-AH-CYAC0AWKAgwIABABGGUgYShYMA8=&rs=AOn4CLB8D2LfJl-EpJp5Z6LsdRRJLgybEg","16:19","Awesome ID Refusal","99K views","3 years ago"
"https://www.youtube.com/watch?v=-PK6jEpdCDo","https://i.ytimg.com/vi/-PK6jEpdCDo/hqdefault.jpg?sqp=-oaymwFBCNACELwBSFryq4qpAzMIARUAAIhCGAHYAQHiAQoIGBACGAY4AUAB8AEB-AH-CYAC0AWKAgwIABABGGUgXyhUMA8=&rs=AOn4CLB-M45-sUzkHu3LRc5qNCP1W_0qIQ","19:36","I don’t answer questions","12K views","3 years ago"
"https://www.youtube.com/watch?v=UThNmTK56uw","https://i.ytimg.com/vi/UThNmTK56uw/hqdefault.jpg?sqp=-oaymwEnCNACELwBSFryq4qpAxkIARUAAIhCGAHYAQHiAQoIGBACGAY4AUAB&rs=AOn4CLBfHpqA1gRa0gPmdA6nn4cPIE3TYA","7:48","Kern County Deputies Respond to a Call","2.2K views","3 years ago"
"https://www.youtube.com/watch?v=5MVL0W1m1JA","https://i.ytimg.com/vi/5MVL0W1m1JA/hqdefault.jpg?sqp=-oaymwFBCNACELwBSFryq4qpAzMIARUAAIhCGAHYAQHiAQoIGBACGAY4AUAB8AEB-AG-B4AC0AWKAgwIABABGGUgVChRMA8=&rs=AOn4CLA8ZI3Uo3JE6cZGImraKYVm3Vg20w","7:34","Police Chief kicks neighboring dept off their radio frequency after getting pulled over by them","5.1K views","3 years ago"
"https://www.youtube.com/watch?v=vLL2UL6RuB4","https://i.ytimg.com/vi/vLL2UL6RuB4/hqdefault.jpg?sqp=-oaymwFBCNACELwBSFryq4qpAzMIARUAAIhCGAHYAQHiAQoIGBACGAY4AUAB8AEB-AH-CYAC0AWKAgwIABABGH8gKigTMA8=&rs=AOn4CLDotDO6K7uKOurcjVpdA59yxyhZjg","9:19","You have a right to record police while they’re on duty","1.5K views","3 years ago"
"https://www.youtube.com/watch?v=sxjSqLzh1n4","https://i.ytimg.com/vi/sxjSqLzh1n4/hqdefault.jpg?sqp=-oaymwFBCNACELwBSFryq4qpAzMIARUAAIhCGAHYAQHiAQoIGBACGAY4AUAB8AEB-AGUA4AC0AWKAgwIABABGGUgWyhOMA8=&rs=AOn4CLDyRUQ_kOcm5-zvPFd1--_K_zce2w","5:03","Silly flashlight games - They started it","3.3K views","3 years ago"
"https://www.youtube.com/watch?v=q-zCpSXJXI4","https://i.ytimg.com/vi/q-zCpSXJXI4/hqdefault.jpg?sqp=-oaymwFBCNACELwBSFryq4qpAzMIARUAAIhCGAHYAQHiAQoIGBACGAY4AUAB8AEB-AGUA4AC0AWKAgwIABABGEogXyhlMA8=&rs=AOn4CLCEpliW90zUMAVDUkXHZi9ANQbyOA","4:51","Don’t ask any questions","14K views","3 years ago"
"https://www.youtube.com/watch?v=Pemsl1wLTOc","https://i.ytimg.com/vi/Pemsl1wLTOc/hqdefault.jpg?sqp=-oaymwEnCNACELwBSFryq4qpAxkIARUAAIhCGAHYAQHiAQoIGBACGAY4AUAB&rs=AOn4CLA-Fu9UZwJPryh_OxFMROscKyk0Qw","7:18","I Don’t Answer QUESTIONS!","89K views","3 years ago"
"https://www.youtube.com/watch?v=99GvIQ4nRYc","https://i.ytimg.com/vi/99GvIQ4nRYc/hqdefault.jpg?sqp=-oaymwEnCNACELwBSFryq4qpAxkIARUAAIhCGAHYAQHiAQoIGBACGAY4AUAB&rs=AOn4CLCPUX2DFUEdSYFqSnIsvzpBVwiwHw","3:43","This is no Robot Chicken but This Thing is Strange","1.7K views","3 years ago"
"https://www.youtube.com/watch?v=HAWYRSLmWCs","https://i.ytimg.com/vi/HAWYRSLmWCs/hqdefault.jpg?sqp=-oaymwEnCNACELwBSFryq4qpAxkIARUAAIhCGAHYAQHiAQoIGBACGAY4AUAB&rs=AOn4CLCUoiSwNrPlkXU8MgyeIYQ7J4xFHQ","4:35","Roll Your Window ALL THE WAY DOWN!","12K views","3 years ago"
"https://www.youtube.com/watch?v=xteZylj4CfU","https://i.ytimg.com/vi/xteZylj4CfU/hqdefault.jpg?sqp=-oaymwEnCNACELwBSFryq4qpAxkIARUAAIhCGAHYAQHiAQoIGBACGAY4AUAB&rs=AOn4CLAQk4ZDWFzlY81Twj_DvExhwKrihw","14:38","Man defends his rights LIKE A BOSS","90K views","3 years ago"
"https://www.youtube.com/watch?v=_TBhfzZREpI","https://i.ytimg.com/vi/_TBhfzZREpI/hqdefault.jpg?sqp=-oaymwFBCNACELwBSFryq4qpAzMIARUAAIhCGAHYAQHiAQoIGBACGAY4AUAB8AEB-AH-CYAC0AWKAgwIABABGGUgUSg-MA8=&rs=AOn4CLDlL9XCwBs6YsNbFbo_3zWJ8LQv9Q","4:25","ID Refusal - No reasonable articulable suspicion","34K views","3 years ago"
"https://www.youtube.com/watch?v=ewHWiIa7gQs","https://i.ytimg.com/vi/ewHWiIa7gQs/hqdefault.jpg?sqp=-oaymwEnCNACELwBSFryq4qpAxkIARUAAIhCGAHYAQHiAQoIGBACGAY4AUAB&rs=AOn4CLA3_GIGuhSZhazZ1vo7v_TKT2j6pw","16:12","These cops acted petty, wrote tickets but never showed up to court","16K views","3 years ago"
"https://www.youtube.com/watch?v=nfbwq2cDrmg","https://i.ytimg.com/vi/nfbwq2cDrmg/hqdefault.jpg?sqp=-oaymwEnCNACELwBSFryq4qpAxkIARUAAIhCGAHYAQHiAQoIGBACGAY4AUAB&rs=AOn4CLD3thKK1rryiW3ndUKVEocTb3n7TQ","13:12","New Audit Channel Immediately Finds a Tyrant","23K views","3 years ago"
"https://www.youtube.com/watch?v=F7_d-ExVFR8","https://i.ytimg.com/vi/F7_d-ExVFR8/hqdefault.jpg?sqp=-oaymwFBCNACELwBSFryq4qpAzMIARUAAIhCGAHYAQHiAQoIGBACGAY4AUAB8AEB-AH-CYAC0AWKAgwIABABGGUgVChHMA8=&rs=AOn4CLBd-PxOVgabp4Y7bJPFdfKmg9Ba8Q","3:37","Unprofessional Tyrant with Unbridled Power Shows Up to Work","11K views","3 years ago"
"https://www.youtube.com/watch?v=2QEiOfMaphU","https://i.ytimg.com/vi/2QEiOfMaphU/hqdefault.jpg?sqp=-oaymwEnCNACELwBSFryq4qpAxkIARUAAIhCGAHYAQHiAQoIGBACGAY4AUAB&rs=AOn4CLAwJT2TfFYWJFBLQ7H_yHfcH-z6mA","3:50","Officer Says We Can’t Film, Then Gets DISMISSED!","13K views","3 years ago"
"https://www.youtube.com/watch?v=js0LHZaKKj0","https://i.ytimg.com/vi/js0LHZaKKj0/hqdefault.jpg?sqp=-oaymwFBCNACELwBSFryq4qpAzMIARUAAIhCGAHYAQHiAQoIGBACGAY4AUAB8AEB-AH-CYAC0AWKAgwIABABGE8gTyhlMA8=&rs=AOn4CLCRt526vHeSgZuwGMLw-5LAxPVSLA","5:27","Trooper leaves when she realizes she has no reason for a traffic stop!","72K views","3 years ago"
"https://www.youtube.com/watch?v=acEAN71TCLU","https://i.ytimg.com/vi/acEAN71TCLU/hqdefault.jpg?sqp=-oaymwEnCNACELwBSFryq4qpAxkIARUAAIhCGAHYAQHiAQoIGBACGAY4AUAB&rs=AOn4CLAJ3ft2Xqvi6Xn9x7qj-PSS5CYsKw","15:01","Officer With Shady Past Tries To Restrict This Man From Filming","20K views","3 years ago"
"https://www.youtube.com/watch?v=3duY_dGQPiA","https://i.ytimg.com/vi/3duY_dGQPiA/hqdefault.jpg?sqp=-oaymwFBCNACELwBSFryq4qpAzMIARUAAIhCGAHYAQHiAQoIGBACGAY4AUAB8AEB-AGUA4AC0AWKAgwIABABGD4gUyhlMA8=&rs=AOn4CLAkeZJbYLacKL3DBiDTLdJHNWb1Yg","10:22","ID Refusal - I Don’t Answer Question","21K views","3 years ago"
"https://www.youtube.com/watch?v=7xzgaYBFJhI","https://i.ytimg.com/vi/7xzgaYBFJhI/hqdefault.jpg?sqp=-oaymwEnCNACELwBSFryq4qpAxkIARUAAIhCGAHYAQHiAQoIGBACGAY4AUAB&rs=AOn4CLADNtch4bBgbpljGv91vM17HCpmyA","15:34","Follow up Audit Danville Police after Bay Area Transparency","4.7K views","3 years ago"
"https://www.youtube.com/watch?v=o1QXYEJl5mE","https://i.ytimg.com/vi/o1QXYEJl5mE/hqdefault.jpg?sqp=-oaymwEnCNACELwBSFryq4qpAxkIARUAAIhCGAHYAQHiAQoIGBACGAY4AUAB&rs=AOn4CLA30mAy2oYuDRJqaPlPlZ55fQE1Rg","10:52","ID Refusal - Don’t Stand Behind ME","38K views","3 years ago"
"https://www.youtube.com/watch?v=cQFnykrpWdo&pp=0gcJCUwLAYcqIYzv","https://i.ytimg.com/vi/cQFnykrpWdo/hqdefault.jpg?sqp=-oaymwEnCNACELwBSFryq4qpAxkIARUAAIhCGAHYAQHiAQoIGBACGAY4AUAB&rs=AOn4CLAZwn3VWzEcewfv681nRGF_SwVJuA","6:02","Cop Gets Butthurt when this Man Refuses ID","32K views","3 years ago"
"https://www.youtube.com/watch?v=OH9vLpMH0So","https://i.ytimg.com/vi/OH9vLpMH0So/hqdefault.jpg?sqp=-oaymwEnCNACELwBSFryq4qpAxkIARUAAIhCGAHYAQHiAQoIGBACGAY4AUAB&rs=AOn4CLCdaXtilidkwx5KN8TpzcpwjJCFtw","13:37","How many cops does it take to make an unlawful arrest?","23K views","3 years ago"
"https://www.youtube.com/watch?v=nzkhEatNFpM","https://i.ytimg.com/vi/nzkhEatNFpM/hqdefault.jpg?sqp=-oaymwEnCNACELwBSFryq4qpAxkIARUAAIhCGAHYAQHiAQoIGBACGAY4AUAB&rs=AOn4CLCQlVO6OUp1hteLSMlsTT5siMDTXA","19:09","Constable Gets Educated And Reads The Law!","100K views","3 years ago"
"https://www.youtube.com/watch?v=Kf0Dp5fxYuY","https://i.ytimg.com/vi/Kf0Dp5fxYuY/hqdefault.jpg?sqp=-oaymwFBCNACELwBSFryq4qpAzMIARUAAIhCGAHYAQHiAQoIGBACGAY4AUAB8AEB-AH-CYAC0AWKAgwIABABGEsgWyhlMA8=&rs=AOn4CLDvu9_xMWEPVXjSYF096k-ivNdL5Q","0:52","Trooper answers some questions for the people","2.2K views","3 years ago"
"https://www.youtube.com/watch?v=BVa_-eN3img","https://i.ytimg.com/vi/BVa_-eN3img/hqdefault.jpg?sqp=-oaymwEnCNACELwBSFryq4qpAxkIARUAAIhCGAHYAQHiAQoIGBACGAY4AUAB&rs=AOn4CLDsULge8EZakfa4wNYVfyH1wUg01Q","2:37","You can’t park in the red zone!","9.8K views","3 years ago"
"https://www.youtube.com/watch?v=TFC5yF75-Xw","https://i.ytimg.com/vi/TFC5yF75-Xw/hqdefault.jpg?sqp=-oaymwEnCNACELwBSFryq4qpAxkIARUAAIhCGAHYAQHiAQoIGBACGAY4AUAB&rs=AOn4CLC2Oyv9A3bCUBaKuBmh6mIKjtQNwQ","9:24","Don’t try to turn this around on me Sergeant","27K views","3 years ago"
"https://www.youtube.com/watch?v=VD6rw5_jOFA","https://i.ytimg.com/vi/VD6rw5_jOFA/hqdefault.jpg?sqp=-oaymwEnCNACELwBSFryq4qpAxkIARUAAIhCGAHYAQHiAQoIGBACGAY4AUAB&rs=AOn4CLDUFirIys9rx3O4F2W3afbUhdlmpA","6:22","$90k settlement - Mistaken Identity gets costly","26K views","3 years ago"
"https://www.youtube.com/watch?v=CC-_huNGtKs","https://i.ytimg.com/vi/CC-_huNGtKs/hqdefault.jpg?sqp=-oaymwEnCNACELwBSFryq4qpAxkIARUAAIhCGAHYAQHiAQoIGBACGAY4AUAB&rs=AOn4CLArzvK2BNJTagqGAeVpOIzJiRdZNw","10:52","Hey Deputy, what do you think about “First Amendment Audits?”","6.1K views","3 years ago"
"https://www.youtube.com/watch?v=aQFoMUb--FY","https://i.ytimg.com/vi/aQFoMUb--FY/hqdefault.jpg?sqp=-oaymwFBCNACELwBSFryq4qpAzMIARUAAIhCGAHYAQHiAQoIGBACGAY4AUAB8AEB-AH-CYAC0AWKAgwIABABGDggTihyMA8=&rs=AOn4CLBzxLGj-RoGuNo3HQFDKrchcEx2Pw","6:18","Big man has to come and protect little man","27K views","3 years ago"
"https://www.youtube.com/watch?v=PS2aT1xuibg&pp=0gcJCUwLAYcqIYzv","https://i.ytimg.com/vi/PS2aT1xuibg/hqdefault.jpg?sqp=-oaymwEnCNACELwBSFryq4qpAxkIARUAAIhCGAHYAQHiAQoIGBACGAY4AUAB&rs=AOn4CLBO6jrqO4i6mkzK7h_3-gA5REY_mQ","13:57","YOU can’t RECORD in our LOBBY! -1st Amendment Audit-","12K views","4 years ago"
"https://www.youtube.com/watch?v=H3s3Ze3YQ3Y","https://i.ytimg.com/vi/H3s3Ze3YQ3Y/hqdefault.jpg?sqp=-oaymwEnCNACELwBSFryq4qpAxkIARUAAIhCGAHYAQHiAQoIGBACGAY4AUAB&rs=AOn4CLCFug3Jge-Z1cqonvVWjhA0DYTQmw","15:29","Officer Loses It For No Reason!","65K views","4 years ago"
"https://www.youtube.com/watch?v=4e-nqBh8riw","https://i.ytimg.com/vi/4e-nqBh8riw/hqdefault.jpg?sqp=-oaymwFBCNACELwBSFryq4qpAzMIARUAAIhCGAHYAQHiAQoIGBACGAY4AUAB8AEB-AH-CYAC0AWKAgwIABABGHIgWigRMA8=&rs=AOn4CLBTli-LWXSjmX84B03T9yj1HgjWTA","6:49","Apollo, rescue dog from Spain, no longer with us - (Deputy Charged)","10K views","4 years ago"
"https://www.youtube.com/watch?v=DizuHZozSoc","https://i.ytimg.com/vi/DizuHZozSoc/hqdefault.jpg?sqp=-oaymwEnCNACELwBSFryq4qpAxkIARUAAIhCGAHYAQHiAQoIGBACGAY4AUAB&rs=AOn4CLBkDH5tdZjn_V0J3AsaDiKdmqb-kQ","8:47","Supervisor Tries To Give Unlawful Directives, Then Gets Put In His Place!","36K views","4 years ago"
"https://www.youtube.com/watch?v=aR2nWIgOMmI","https://i.ytimg.com/vi/aR2nWIgOMmI/hqdefault.jpg?sqp=-oaymwEnCNACELwBSFryq4qpAxkIARUAAIhCGAHYAQHiAQoIGBACGAY4AUAB&rs=AOn4CLCBef0eNBRoDoZq8lWwbDeanAtVTw","17:47","ID refusal! Supervisor thinks his feelings are the law","82K views","4 years ago"
"https://www.youtube.com/watch?v=AJ30KGDTpBA","https://i.ytimg.com/vi/AJ30KGDTpBA/hqdefault.jpg?sqp=-oaymwFBCNACELwBSFryq4qpAzMIARUAAIhCGAHYAQHiAQoIGBACGAY4AUAB8AEB-AH-CYAC0AWKAgwIABABGGUgTyhKMA8=&rs=AOn4CLAX4sOpcXe3B3BTrdJ-a6nTRj39CQ","10:40","Not today fellas - You’ll get no ID from me","187K views","4 years ago"
"https://www.youtube.com/watch?v=U7AtDiqv6QA","https://i.ytimg.com/vi/U7AtDiqv6QA/hqdefault.jpg?sqp=-oaymwEnCNACELwBSFryq4qpAxkIARUAAIhCGAHYAQHiAQoIGBACGAY4AUAB&rs=AOn4CLBIF1X3_qyvQnWJO8FA4u7fng_iOA","6:50","Filming In Public Is A Right","44K views","4 years ago"
"https://www.youtube.com/watch?v=i2gYo0Ybld4","https://i.ytimg.com/vi/i2gYo0Ybld4/hqdefault.jpg?sqp=-oaymwFBCNACELwBSFryq4qpAzMIARUAAIhCGAHYAQHiAQoIGBACGAY4AUAB8AEB-AH-CYAC0AWKAgwIABABGEsgTShlMA8=&rs=AOn4CLB2zMzkp8CesZndrgz5y_IIslRosg","9:38","PRESUMED AUTHORITY becomes UNBRIDLED POWER in this video","102K views","4 years ago"
"https://www.youtube.com/watch?v=yiT0Mjm2NME&pp=0gcJCUwLAYcqIYzv","https://i.ytimg.com/vi/yiT0Mjm2NME/hqdefault.jpg?sqp=-oaymwEnCNACELwBSFryq4qpAxkIARUAAIhCGAHYAQHiAQoIGBACGAY4AUAB&rs=AOn4CLAXHv69P6524FqurKoFE6VinCvD-w","5:23","Officers Flee After Being Pressed!","34K views","4 years ago"
"https://www.youtube.com/watch?v=jnbD_3lFFvo","https://i.ytimg.com/vi/jnbD_3lFFvo/hqdefault.jpg?sqp=-oaymwEnCNACELwBSFryq4qpAxkIARUAAIhCGAHYAQHiAQoIGBACGAY4AUAB&rs=AOn4CLBPhosQXvRWmH7F9pe5FwmMCgrOTA","11:09","Supervisor Crosses The Street Into Traffic, To Address The Camera","3K views","4 years ago"
"https://www.youtube.com/watch?v=FvjgZTAAS6o","https://i.ytimg.com/vi/FvjgZTAAS6o/hqdefault.jpg?sqp=-oaymwEnCNACELwBSFryq4qpAxkIARUAAIhCGAHYAQHiAQoIGBACGAY4AUAB&rs=AOn4CLDIkDd8nQKbuRBIrDR6yDG0oNRVXQ","7:56","Manager Thinks His Feelings Matter","7.1K views","4 years ago"
"https://www.youtube.com/watch?v=jfAPwb72DC0","https://i.ytimg.com/vi/jfAPwb72DC0/hqdefault.jpg?sqp=-oaymwFBCNACELwBSFryq4qpAzMIARUAAIhCGAHYAQHiAQoIGBACGAY4AUAB8AEB-AH-CYAC0AWKAgwIABABGGMgYyhjMA8=&rs=AOn4CLArMdqAE0obd-cyctBFJt6VlhDAag","6:14","Man drives away without a ticket after this traffic stop. BUT HOW?","16K views","4 years ago"
"https://www.youtube.com/watch?v=bmApvwVQ2ic","https://i.ytimg.com/vi/bmApvwVQ2ic/hqdefault.jpg?sqp=-oaymwEnCNACELwBSFryq4qpAxkIARUAAIhCGAHYAQHiAQoIGBACGAY4AUAB&rs=AOn4CLDhEBsThpnAQhytxiK8cARKtok_og","6:14","Cops Hate The Camera","49K views","4 years ago"
"https://www.youtube.com/watch?v=N1aRuyFKALw","https://i.ytimg.com/vi/N1aRuyFKALw/hqdefault.jpg?sqp=-oaymwEnCNACELwBSFryq4qpAxkIARUAAIhCGAHYAQHiAQoIGBACGAY4AUAB&rs=AOn4CLCUYcRl8ju1srl6Wf9qFvA8QZJbRA","8:05","I’m not accusing you of anything, I’m just asking questions!","13K views","4 years ago"
"https://www.youtube.com/watch?v=cvZ2jW8HPjI","https://i.ytimg.com/vi/cvZ2jW8HPjI/hqdefault.jpg?sqp=-oaymwEnCNACELwBSFryq4qpAxkIARUAAIhCGAHYAQHiAQoIGBACGAY4AUAB&rs=AOn4CLCHB1I4dz1bpBpwTsRPUsfE1CNAxQ","3:27","Don’t Answer Questions, Ever!","99K views","4 years ago"
"https://www.youtube.com/watch?v=bYryc-N-PsI","https://i.ytimg.com/vi/bYryc-N-PsI/hqdefault.jpg?sqp=-oaymwEnCNACELwBSFryq4qpAxkIARUAAIhCGAHYAQHiAQoIGBACGAY4AUAB&rs=AOn4CLDCi_ZOpMEojkwzrrgYn1HAwxrjSQ","10:08","I don’t answer questions on my property - GET LOST","142K views","4 years ago"
"https://www.youtube.com/watch?v=_IX-FKk15yY","https://i.ytimg.com/vi/_IX-FKk15yY/hqdefault.jpg?sqp=-oaymwEnCNACELwBSFryq4qpAxkIARUAAIhCGAHYAQHiAQoIGBACGAY4AUAB&rs=AOn4CLCHmCwE8a7PnEjvvcLIipGsxzzhSg","15:04","Security guard admits to being HIGH STRUNG","3K views","4 years ago"
"https://www.youtube.com/watch?v=1aAVdTx7xm4","https://i.ytimg.com/vi/1aAVdTx7xm4/hqdefault.jpg?sqp=-oaymwEnCNACELwBSFryq4qpAxkIARUAAIhCGAHYAQHiAQoIGBACGAY4AUAB&rs=AOn4CLChsCgQBg-u4pVPucgGmGbAlFVMAg","11:38","Supervisor acts like a CHILD, when he sees the camera!","14K views","4 years ago"
"https://www.youtube.com/watch?v=Oon_3HgPnCM","https://i.ytimg.com/vi/Oon_3HgPnCM/hqdefault.jpg?sqp=-oaymwFBCNACELwBSFryq4qpAzMIARUAAIhCGAHYAQHiAQoIGBACGAY4AUAB8AEB-AH-CYAC0AWKAgwIABABGEcgTyhlMA8=&rs=AOn4CLAimM6f5eS6TOsJo67agLCrir4_2g","5:31","Double Talikin’ Jive - Cop doesn’t understand the law he’s trying to enforce!","20K views","4 years ago"
"https://www.youtube.com/watch?v=sOVcA4HS0Bc","https://i.ytimg.com/vi/sOVcA4HS0Bc/hqdefault.jpg?sqp=-oaymwEnCNACELwBSFryq4qpAxkIARUAAIhCGAHYAQHiAQoIGBACGAY4AUAB&rs=AOn4CLCG21FKoDRVgA1r2eX9CjGDwav83g","3:12","Money and the Power - And the biggest cowards","8.8K views","4 years ago"
"https://www.youtube.com/watch?v=s848p71Mfr8","https://i.ytimg.com/vi/s848p71Mfr8/hqdefault.jpg?sqp=-oaymwEnCNACELwBSFryq4qpAxkIARUAAIhCGAHYAQHiAQoIGBACGAY4AUAB&rs=AOn4CLDhUs0gmHaOeMV_HW3hzUaJXl9nJQ","8:07","Police calls the police on me! LOL 😆","6.1K views","4 years ago"
"https://www.youtube.com/watch?v=DVcYGzgBefg","https://i.ytimg.com/vi/DVcYGzgBefg/hqdefault.jpg?sqp=-oaymwEnCNACELwBSFryq4qpAxkIARUAAIhCGAHYAQHiAQoIGBACGAY4AUAB&rs=AOn4CLDiTAejNAqJSk4EVlFLzcJCLw70JA","2:52","Waving hello TO POLICE is ALL AMERICAN","1.7K views","4 years ago"
"https://www.youtube.com/watch?v=zDX8LU7w0sI","https://i.ytimg.com/vi/zDX8LU7w0sI/hqdefault.jpg?sqp=-oaymwFBCNACELwBSFryq4qpAzMIARUAAIhCGAHYAQHiAQoIGBACGAY4AUAB8AEB-AH-CYAC0AWKAgwIABABGGUgYihVMA8=&rs=AOn4CLCzvXlB-QOtg3LCStBNT2t0xdveZw","8:43","I don’t answer questions because it’s none of YOUR BUSINESS!","17K views","4 years ago"
"https://www.youtube.com/watch?v=bmxisv24Fec&pp=0gcJCUwLAYcqIYzv","https://i.ytimg.com/vi/bmxisv24Fec/hqdefault.jpg?sqp=-oaymwEnCNACELwBSFryq4qpAxkIARUAAIhCGAHYAQHiAQoIGBACGAY4AUAB&rs=AOn4CLBzZ_kgF5b247D7Y1UhYGWjcjQflg","14:51","Rookie tries to do things his way, then gets PUT IN HIS PLACE!","46K views","4 years ago"
"https://www.youtube.com/watch?v=DVfmGz3p_mg&pp=0gcJCUwLAYcqIYzv","https://i.ytimg.com/vi/DVfmGz3p_mg/hqdefault.jpg?sqp=-oaymwEnCNACELwBSFryq4qpAxkIARUAAIhCGAHYAQHiAQoIGBACGAY4AUAB&rs=AOn4CLCiffBMxoLecwcfegrkVYahlky21g","3:31","Goin Down - Soulja Boy at Kushstock 2020 - Happy Birthday Blue","958 views","4 years ago"
"https://www.youtube.com/watch?v=vJk4G2PqkZ0&pp=0gcJCUwLAYcqIYzv","https://i.ytimg.com/vi/vJk4G2PqkZ0/hqdefault.jpg?sqp=-oaymwEnCNACELwBSFryq4qpAxkIARUAAIhCGAHYAQHiAQoIGBACGAY4AUAB&rs=AOn4CLCzKe_BOWXH9qWgK_0bq_6XHHG64A","3:45","Scheduled to be EXECUTED without a fair trial","2.4K views","4 years ago"
"https://www.youtube.com/watch?v=xXl54yH-0To","https://i.ytimg.com/vi/xXl54yH-0To/hqdefault.jpg?sqp=-oaymwEnCNACELwBSFryq4qpAxkIARUAAIhCGAHYAQHiAQoIGBACGAY4AUAB&rs=AOn4CLCcgdcXlUdJ6-QVOKBdBeTnsxUF6Q","8:12","This is a family matter, STAY OFF MY PROPERTY","145K views","4 years ago"
"https://www.youtube.com/watch?v=26QEFSgX0Rs","https://i.ytimg.com/vi/26QEFSgX0Rs/hqdefault.jpg?sqp=-oaymwEnCNACELwBSFryq4qpAxkIARUAAIhCGAHYAQHiAQoIGBACGAY4AUAB&rs=AOn4CLCi6AEzqNLxXofvQrwmHndmx5aFPw","4:48","Tyrant tries to use Terry stop for UNLAWFUL ACTION!","50K views","4 years ago"
"https://www.youtube.com/watch?v=ik5RXrnlHmo","https://i.ytimg.com/vi/ik5RXrnlHmo/hqdefault.jpg?sqp=-oaymwEnCNACELwBSFryq4qpAxkIARUAAIhCGAHYAQHiAQoIGBACGAY4AUAB&rs=AOn4CLB6F-SnECX0A9GS3X4Sm1zKEKWA_g","9:52","Public servant goes CRAZY and Illegally seizes camera! | 1st and 4th amendment rights violation","26K views","4 years ago"
"https://www.youtube.com/watch?v=m_Hcu9pr4tk","https://i.ytimg.com/vi/m_Hcu9pr4tk/hqdefault.jpg?sqp=-oaymwFBCNACELwBSFryq4qpAzMIARUAAIhCGAHYAQHiAQoIGBACGAY4AUAB8AEB-AH-CYAC0AWKAgwIABABGDYgTChyMA8=&rs=AOn4CLBhh1NHaTXeoErH8Q9b55rYlBf1_g","11:50","Man Stands Up for His Rights like a Boss","13K views","4 years ago"
"https://www.youtube.com/watch?v=fQ2TlylrQto","https://i.ytimg.com/vi/fQ2TlylrQto/hqdefault.jpg?sqp=-oaymwFBCNACELwBSFryq4qpAzMIARUAAIhCGAHYAQHiAQoIGBACGAY4AUAB8AEB-AG2CIACgA-KAgwIABABGEwgZSg5MA8=&rs=AOn4CLCBCBCNyn_Ix-eAKpj5jlumLEEAyw","3:00","Woman pulled out her phone and recorded the interactions","68K views","4 years ago"
"https://www.youtube.com/watch?v=Zq7r6rxr_cQ","https://i.ytimg.com/vi/Zq7r6rxr_cQ/hqdefault.jpg?sqp=-oaymwFBCNACELwBSFryq4qpAzMIARUAAIhCGAHYAQHiAQoIGBACGAY4AUAB8AEB-AH-CYAC0AWKAgwIABABGGUgTyhGMA8=&rs=AOn4CLAugvElBwLHBTeE78OGsHFl9NhT2g","10:28","Officer makes HUGE mistake when his ENORMOUS EGO interfered with his decision making","41K views","4 years ago"
"https://www.youtube.com/watch?v=Bm821nWBfF0","https://i.ytimg.com/vi/Bm821nWBfF0/hqdefault.jpg?sqp=-oaymwEnCNACELwBSFryq4qpAxkIARUAAIhCGAHYAQHiAQoIGBACGAY4AUAB&rs=AOn4CLBblEybd5wEswAPM9QQR-kWzGx_-g","11:01","Man tells ROAD PIRATE that he is WRONG!","48K views","4 years ago"
"https://www.youtube.com/watch?v=QIauUsiOQyk","https://i.ytimg.com/vi/QIauUsiOQyk/hqdefault.jpg?sqp=-oaymwFBCNACELwBSFryq4qpAzMIARUAAIhCGAHYAQHiAQoIGBACGAY4AUAB8AEB-AH-CYAC0AWKAgwIABABGEMgUChlMA8=&rs=AOn4CLCo2P9V-nqsE6jlY7xRz3pH2du2OA","8:32","1st Amendment YouTuber hits Primetime on a iHeart Radio Show","4.2K views","4 years ago"
"https://www.youtube.com/watch?v=bfJqtQlX56g&pp=0gcJCUwLAYcqIYzv","https://i.ytimg.com/vi/bfJqtQlX56g/hqdefault.jpg?sqp=-oaymwEnCNACELwBSFryq4qpAxkIARUAAIhCGAHYAQHiAQoIGBACGAY4AUAB&rs=AOn4CLAt5vxrIBEW_HfGY9RS6IKVHcQvPA","10:51","CREEP gets caught peeping, and tries to call for BACKUP!","5.2K views","4 years ago"
"https://www.youtube.com/watch?v=4tq1XltIbiY","https://i.ytimg.com/vi/4tq1XltIbiY/hqdefault.jpg?sqp=-oaymwEnCNACELwBSFryq4qpAxkIARUAAIhCGAHYAQHiAQoIGBACGAY4AUAB&rs=AOn4CLCVN6Ls2sKIIGxAYfTFgE-GEU3yIQ","11:55","“You need to leave!” No thank you… I’m the BOSS","152K views","4 years ago"
"https://www.youtube.com/watch?v=Pb736-puueE","https://i.ytimg.com/vi/Pb736-puueE/hqdefault.jpg?sqp=-oaymwFBCNACELwBSFryq4qpAzMIARUAAIhCGAHYAQHiAQoIGBACGAY4AUAB8AEB-AH-CYAC0AWKAgwIABABGGUgXChbMA8=&rs=AOn4CLB5H03446_I0qsCQ2XlhlBY03j4vQ","18:00","Man wants to know why we’re “BOTHERING” police","3.6K views","4 years ago"
"https://www.youtube.com/watch?v=qThBW5MWe-4","https://i.ytimg.com/vi/qThBW5MWe-4/hqdefault.jpg?sqp=-oaymwEnCNACELwBSFryq4qpAxkIARUAAIhCGAHYAQHiAQoIGBACGAY4AUAB&rs=AOn4CLCl7_ZaF_dDAMFPrAIIDPbyaLUnDw","9:29","CHP scandal won’t be swept under the rug","2.3K views","4 years ago"
"https://www.youtube.com/watch?v=y5EDL_IkOKc&pp=0gcJCUwLAYcqIYzv","https://i.ytimg.com/vi/y5EDL_IkOKc/hqdefault.jpg?sqp=-oaymwEnCNACELwBSFryq4qpAxkIARUAAIhCGAHYAQHiAQoIGBACGAY4AUAB&rs=AOn4CLA5HYR43evnWu5urgJVYUqS9ijsbw","4:40","KAREN calls tyrants, to force lady out of her car!","20K views","4 years ago"
"https://www.youtube.com/watch?v=2McWDkNN3AE","https://i.ytimg.com/vi/2McWDkNN3AE/hqdefault.jpg?sqp=-oaymwEnCNACELwBSFryq4qpAxkIARUAAIhCGAHYAQHiAQoIGBACGAY4AUAB&rs=AOn4CLADiGmADcLL2alj0ccFsBbGAgDvbg","5:10","Prosecutor gets educated! -1st amendment audit- FAIL!","30K views","4 years ago"
"https://www.youtube.com/watch?v=C6vkVdCjjDg","https://i.ytimg.com/vi/C6vkVdCjjDg/hqdefault.jpg?sqp=-oaymwFBCNACELwBSFryq4qpAzMIARUAAIhCGAHYAQHiAQoIGBACGAY4AUAB8AEB-AH-CYAC0AWKAgwIABABGHIgVihBMA8=&rs=AOn4CLCNG0K3APQlUZvcwC2NFssGRiiKGg","15:45","They don’t know the LAWS! BCPD looks foolish! -1st amendment audit-","18K views","4 years ago"
"https://www.youtube.com/watch?v=FmoFvLZNpRI","https://i.ytimg.com/vi/FmoFvLZNpRI/hqdefault.jpg?sqp=-oaymwEnCNACELwBSFryq4qpAxkIARUAAIhCGAHYAQHiAQoIGBACGAY4AUAB&rs=AOn4CLDAhAmbaFn95F8fzx7jpsQmSV3UjA","6:32","Coast guards tries to BARK ORDERS!","277K views","4 years ago"
"https://www.youtube.com/watch?v=iEaFA9Fe-vA","https://i.ytimg.com/vi/iEaFA9Fe-vA/hqdefault.jpg?sqp=-oaymwFBCNACELwBSFryq4qpAzMIARUAAIhCGAHYAQHiAQoIGBACGAY4AUAB8AEB-AH-CYAC0AWKAgwIABABGDkgZSghMA8=&rs=AOn4CLDXKKZmgRf-Yli5AygCeT_jccj1vw","7:39","Clueless Cops Don’t Know How to do Their Job","109K views","4 years ago"
"https://www.youtube.com/watch?v=NmhnTgNbrDY","https://i.ytimg.com/vi/NmhnTgNbrDY/hqdefault.jpg?sqp=-oaymwFBCNACELwBSFryq4qpAzMIARUAAIhCGAHYAQHiAQoIGBACGAY4AUAB8AEB-AH-CYAC0AWKAgwIABABGE8gVihlMA8=&rs=AOn4CLA74uJuqevH72piTy1KKuo8ZRreeQ","12:33","When the boss is away, these troopers will play - “our boss is 2 hours away”","4.4K views","4 years ago"
"https://www.youtube.com/watch?v=Ad2t8yblKCY","https://i.ytimg.com/vi/Ad2t8yblKCY/hqdefault.jpg?sqp=-oaymwEnCNACELwBSFryq4qpAxkIARUAAIhCGAHYAQHiAQoIGBACGAY4AUAB&rs=AOn4CLCE_sWpNrj0Zte8EHzS5WoWVkk00g","10:50","Public servant tries to enforce FEELINGS! Gets sent walking!","30K views","4 years ago"
"https://www.youtube.com/watch?v=8hZ6HGDzAUg","https://i.ytimg.com/vi/8hZ6HGDzAUg/hqdefault.jpg?sqp=-oaymwEnCNACELwBSFryq4qpAxkIARUAAIhCGAHYAQHiAQoIGBACGAY4AUAB&rs=AOn4CLBVOhtuCjevFJzBSs8402ML-0J1dw","16:39","I’m already recording, DON’T FILM ME!","27K views","4 years ago"
"https://www.youtube.com/watch?v=BUsEexg6ZXE","https://i.ytimg.com/vi/BUsEexg6ZXE/hqdefault.jpg?sqp=-oaymwFBCNACELwBSFryq4qpAzMIARUAAIhCGAHYAQHiAQoIGBACGAY4AUAB8AEB-AGUA4AC0AWKAgwIABABGGUgWChMMA8=&rs=AOn4CLBjphuiLHpUgRidGDswPzJLFnsnSw","8:33","What is NOT probable cause?","1.5K views","4 years ago"
"https://www.youtube.com/watch?v=BlnnOrhMFTM","https://i.ytimg.com/vi/BlnnOrhMFTM/hqdefault.jpg?sqp=-oaymwFBCNACELwBSFryq4qpAzMIARUAAIhCGAHYAQHiAQoIGBACGAY4AUAB8AEB-AH-CYAC0AWKAgwIABABGHIgYCg_MA8=&rs=AOn4CLB1Xax13UIz7tk6RqUDeCuRW9iY3w","16:24","ID Refusal - Woman knows the law LIKE A BOSS","39K views","4 years ago"
"https://www.youtube.com/watch?v=DXeD6VRqmO4","https://i.ytimg.com/vi/DXeD6VRqmO4/hqdefault.jpg?sqp=-oaymwFBCNACELwBSFryq4qpAzMIARUAAIhCGAHYAQHiAQoIGBACGAY4AUAB8AEB-AH-CYAC0AWKAgwIABABGGUgVChQMA8=&rs=AOn4CLD7ZLGCTSk-tCqCo0wLD3g_aZ_6aQ","11:56","Detained for being homeless","21K views","4 years ago"
"https://www.youtube.com/watch?v=olovWcFRsHs","https://i.ytimg.com/vi/olovWcFRsHs/hqdefault.jpg?sqp=-oaymwEnCNACELwBSFryq4qpAxkIARUAAIhCGAHYAQHiAQoIGBACGAY4AUAB&rs=AOn4CLBILxB6lDHm-KqqzRGQHexbWIC3BQ","13:46","Public servant doesn’t know the LAW!","26K views","4 years ago"
"https://www.youtube.com/watch?v=9daQ1w8CzlU","https://i.ytimg.com/vi/9daQ1w8CzlU/hqdefault.jpg?sqp=-oaymwEnCNACELwBSFryq4qpAxkIARUAAIhCGAHYAQHiAQoIGBACGAY4AUAB&rs=AOn4CLABi_rwZSrCsTOd6StjXj5aPM7BHA","3:54","I’m building a studio so I asked an entrepreneur to help me! He invited me to L.A.","2K views","4 years ago"
"https://www.youtube.com/watch?v=dBtB5a0yEM4&pp=0gcJCUwLAYcqIYzv","https://i.ytimg.com/vi/dBtB5a0yEM4/hqdefault.jpg?sqp=-oaymwEnCNACELwBSFryq4qpAxkIARUAAIhCGAHYAQHiAQoIGBACGAY4AUAB&rs=AOn4CLAj9m8FNV41Y33dzkggWfCDaNJFqA","13:07","Public servant parks in bus lane, then LOSES IT!","36K views","4 years ago"
"https://www.youtube.com/watch?v=S4TqwtS5mTI","https://i.ytimg.com/vi/S4TqwtS5mTI/hqdefault.jpg?sqp=-oaymwEnCNACELwBSFryq4qpAxkIARUAAIhCGAHYAQHiAQoIGBACGAY4AUAB&rs=AOn4CLBcjD_CuwucgqyuQLbZyERa7xW2ZA","6:11","I wasn’t speeding sir, YOU WERE!","88K views","4 years ago"
"https://www.youtube.com/watch?v=_D9q6DAKvFA","https://i.ytimg.com/vi/_D9q6DAKvFA/hqdefault.jpg?sqp=-oaymwFBCNACELwBSFryq4qpAzMIARUAAIhCGAHYAQHiAQoIGBACGAY4AUAB8AEB-AH-CYAC0AWKAgwIABABGGUgZShlMA8=&rs=AOn4CLA-2iYvkvbCG0JVoKc88eUsr5XBSQ","9:50","DEPUTY gets taught a HUGE lesson on law","305K views","4 years ago"
"https://www.youtube.com/watch?v=ygz64oEo3cY","https://i.ytimg.com/vi/ygz64oEo3cY/hqdefault.jpg?sqp=-oaymwEnCNACELwBSFryq4qpAxkIARUAAIhCGAHYAQHiAQoIGBACGAY4AUAB&rs=AOn4CLCMIaJOR5QevNH6ogGklvQ8N9Onlw","8:16","Rookie cop gets taught the law on the street","10K views","4 years ago"
"https://www.youtube.com/watch?v=DU1UvWDxTEc","https://i.ytimg.com/vi/DU1UvWDxTEc/hqdefault.jpg?sqp=-oaymwEnCNACELwBSFryq4qpAxkIARUAAIhCGAHYAQHiAQoIGBACGAY4AUAB&rs=AOn4CLDHGSY9TrKRVFuv7mZiUMvk5M3hmQ","9:05","ID Refusal - I want to do this anonymously","8.8K views","4 years ago"
"https://www.youtube.com/watch?v=4aEnDDrKKVo","https://i.ytimg.com/vi/4aEnDDrKKVo/hqdefault.jpg?sqp=-oaymwEnCNACELwBSFryq4qpAxkIARUAAIhCGAHYAQHiAQoIGBACGAY4AUAB&rs=AOn4CLBLNrrrSJ-CNSVMT9SIrpHS8FwpiQ","2:56","Border patrol agent runs into a LION","5K views","4 years ago"
"https://www.youtube.com/watch?v=argnyjQ76b8","https://i.ytimg.com/vi/argnyjQ76b8/hqdefault.jpg?sqp=-oaymwFBCNACELwBSFryq4qpAzMIARUAAIhCGAHYAQHiAQoIGBACGAY4AUAB8AEB-AH-CYAC0AWKAgwIABABGE4gVChlMA8=&rs=AOn4CLB6Zr1cLnfRjaUH-CsxQg7izj1ggQ","8:24","Intimidation fail - Awesome First Amendment Audit","35K views","4 years ago"
"https://www.youtube.com/watch?v=CW5t5Rp6Ugg","https://i.ytimg.com/vi/CW5t5Rp6Ugg/hqdefault.jpg?sqp=-oaymwEnCNACELwBSFryq4qpAxkIARUAAIhCGAHYAQHiAQoIGBACGAY4AUAB&rs=AOn4CLCv2_ymn0XA5Ya4t99rA_CutFeexA","4:19","“You’re just looking for a lawsuit!” BYE BYE","148K views","4 years ago"
"https://www.youtube.com/watch?v=-YK5or3oG4M","https://i.ytimg.com/vi/-YK5or3oG4M/hqdefault.jpg?sqp=-oaymwFBCNACELwBSFryq4qpAzMIARUAAIhCGAHYAQHiAQoIGBACGAY4AUAB8AEB-AH-DoACuAiKAgwIABABGGggaChoMA8=&rs=AOn4CLA-mcJhPD1ADOQORuOeoLoSM5qfYQ","5:48","You’re dismissed - Full ownership 1st Amendment Audit","12K views","4 years ago"
"https://www.youtube.com/watch?v=ZNUB34g1SXc","https://i.ytimg.com/vi/ZNUB34g1SXc/hqdefault.jpg?sqp=-oaymwFBCNACELwBSFryq4qpAzMIARUAAIhCGAHYAQHiAQoIGBACGAY4AUAB8AEB-AH-DoACuAiKAgwIABABGGUgXyhKMA8=&rs=AOn4CLBP2GcrBFnh47DanuLmBDguorFL5w","8:51","“What are you doing in the parking lot, Bro?” I don’t answer questions","102K views","4 years ago"
"https://www.youtube.com/watch?v=Jwds92w8bwk","https://i.ytimg.com/vi/Jwds92w8bwk/hqdefault.jpg?sqp=-oaymwFBCNACELwBSFryq4qpAzMIARUAAIhCGAHYAQHiAQoIGBACGAY4AUAB8AEB-AG2CIACgA-KAgwIABABGGUgTChMMA8=&rs=AOn4CLCg6b3-r7uW4hKNP5sWoZeKtaKqOQ","2:49","She don’t like it when you know your rights","104K views","4 years ago"
"https://www.youtube.com/watch?v=9ft2ReT2li0","https://i.ytimg.com/vi/9ft2ReT2li0/hqdefault.jpg?sqp=-oaymwFBCNACELwBSFryq4qpAzMIARUAAIhCGAHYAQHiAQoIGBACGAY4AUAB8AEB-AH-DoACuAiKAgwIABABGGUgVChCMA8=&rs=AOn4CLDJG6h0oXujKbZUn-TYRk-jSz7MvA","4:40","WolfyGladly, Jays Surreal Camera, & San Joaquin in LA - Copwatch","2K views","4 years ago"
"https://www.youtube.com/watch?v=iBqZM94gphU","https://i.ytimg.com/vi/iBqZM94gphU/hqdefault.jpg?sqp=-oaymwFBCNACELwBSFryq4qpAzMIARUAAIhCGAHYAQHiAQoIGBACGAY4AUAB8AEB-AH-DoACuAiKAgwIABABGGUgWihPMA8=&rs=AOn4CLAUimrWOUmZJZA2yzQih26w0uvt4w","9:11","(WOW) Internal Affairs doesn’t know the law either?","11K views","4 years ago"
"https://www.youtube.com/watch?v=Ya5AI5qt3cw","https://i.ytimg.com/vi/Ya5AI5qt3cw/hqdefault.jpg?sqp=-oaymwFBCNACELwBSFryq4qpAzMIARUAAIhCGAHYAQHiAQoIGBACGAY4AUAB8AEB-AH-DoACuAiKAgwIABABGFkgYChlMA8=&rs=AOn4CLDQmR6ElyAldxBIE0C5PPqFoGgiCA","7:59","Welcome to my channel, now GET OFF MY PROPERTY","491K views","4 years ago"
"https://www.youtube.com/watch?v=LYe9mGO3iwU","https://i.ytimg.com/vi/LYe9mGO3iwU/hqdefault.jpg?sqp=-oaymwFBCNACELwBSFryq4qpAzMIARUAAIhCGAHYAQHiAQoIGBACGAY4AUAB8AEB-AH-DoACuAiKAgwIABABGHIgSShGMA8=&rs=AOn4CLCDXAkbIdqtxqfohe7b8V5IeqH85g","4:36","Man knows his rights during traffic stop - LIKE A BOSS!","137K views","4 years ago"
"https://www.youtube.com/watch?v=b4tjol5LDLk","https://i.ytimg.com/vi/b4tjol5LDLk/hqdefault.jpg?sqp=-oaymwFBCNACELwBSFryq4qpAzMIARUAAIhCGAHYAQHiAQoIGBACGAY4AUAB8AEB-AH-DoACuAiKAgwIABABGHIgRihkMA8=&rs=AOn4CLDxAgBDhWZhZUPQaOn_ofobD-HsfQ","7:26","Pulled over for riding my bike, TWICE!","44K views","4 years ago"
"https://www.youtube.com/watch?v=rKvYg8YCrRI","https://i.ytimg.com/vi/rKvYg8YCrRI/hqdefault.jpg?sqp=-oaymwFBCNACELwBSFryq4qpAzMIARUAAIhCGAHYAQHiAQoIGBACGAY4AUAB8AEB-AHUBoAC4AOKAgwIABABGBYgOih_MA8=&rs=AOn4CLCgP6cCZFpdNg6ucpBPigBpvI8O5g","5:41","Man knows his rights - 1st Amendment Audits","4.3K views","4 years ago"
"https://www.youtube.com/watch?v=VzMcRfWZhrs","https://i.ytimg.com/vi/VzMcRfWZhrs/hqdefault.jpg?sqp=-oaymwEnCNACELwBSFryq4qpAxkIARUAAIhCGAHYAQHiAQoIGBACGAY4AUAB&rs=AOn4CLCNmcSawlrIVoznkDrZCMnHeNuUeQ","3:23","Man walks away from Officer and jumps on the bus (Bye Bye)","6.6K views","4 years ago"
"https://www.youtube.com/watch?v=m6ZytloXwSk","https://i.ytimg.com/vi/m6ZytloXwSk/hqdefault.jpg?sqp=-oaymwFBCNACELwBSFryq4qpAzMIARUAAIhCGAHYAQHiAQoIGBACGAY4AUAB8AEB-AHUBoAC4AOKAgwIABABGGUgWihSMA8=&rs=AOn4CLDbWsq1PsUknKmk_RDzXftUCjO1EQ","4:59","Fresno First Amendment Audit - Tyrants in Brown","6.3K views","4 years ago"
"https://www.youtube.com/watch?v=V__iIG_Dep4","https://i.ytimg.com/vi/V__iIG_Dep4/hqdefault.jpg?sqp=-oaymwFBCNACELwBSFryq4qpAzMIARUAAIhCGAHYAQHiAQoIGBACGAY4AUAB8AEB-AHUBoAC4AOKAgwIABABGGUgZShlMA8=&rs=AOn4CLABWia_loUR_ZyCL0W7kxbRyC8Eqw","4:21","California Capital State Trooper gets put in check FAST!","24K views","4 years ago"
"https://www.youtube.com/watch?v=9e9QcPLoqrI","https://i.ytimg.com/vi/9e9QcPLoqrI/hqdefault.jpg?sqp=-oaymwFBCNACELwBSFryq4qpAzMIARUAAIhCGAHYAQHiAQoIGBACGAY4AUAB8AEB-AHUBoAC4AOKAgwIABABGGUgYihKMA8=&rs=AOn4CLBQ_BO_pEoKPtur3yZJc2XBXNpiSA","16:31","I just want to fish, leave me alone","32K views","4 years ago"
"https://www.youtube.com/watch?v=dOdpU_W1WzI","https://i.ytimg.com/vi/dOdpU_W1WzI/hqdefault.jpg?sqp=-oaymwEnCNACELwBSFryq4qpAxkIARUAAIhCGAHYAQHiAQoIGBACGAY4AUAB&rs=AOn4CLBMoZpYC8k7u3nzdjvXaJKXXYM6vw","5:51","When Public Officials Think they have Authority","2.6K views","4 years ago"
"https://www.youtube.com/watch?v=jUUdQxJTliM","https://i.ytimg.com/vi/jUUdQxJTliM/hqdefault.jpg?sqp=-oaymwFBCNACELwBSFryq4qpAzMIARUAAIhCGAHYAQHiAQoIGBACGAY4AUAB8AEB-AGMAoAC4AOKAgwIABABGGUgXShYMA8=&rs=AOn4CLCy3CPIArPuNeI_B1GslKlxr3b3yw","15:53","Rookie gets owned and dismissed (MUST SEE)","213K views","4 years ago"
"https://www.youtube.com/watch?v=iRAOCVzpc4Q","https://i.ytimg.com/vi/iRAOCVzpc4Q/hqdefault.jpg?sqp=-oaymwEnCNACELwBSFryq4qpAxkIARUAAIhCGAHYAQHiAQoIGBACGAY4AUAB&rs=AOn4CLDaBa3MMR3PaiOyGIyiJka1ZQek8w","9:21","(Wow) Did she really just SAY THAT?","103K views","4 years ago"
"https://www.youtube.com/watch?v=At5D5RDRtGo","https://i.ytimg.com/vi/At5D5RDRtGo/hqdefault.jpg?sqp=-oaymwEnCNACELwBSFryq4qpAxkIARUAAIhCGAHYAQHiAQoIGBACGAY4AUAB&rs=AOn4CLAyWQbYgL03gIQirH7VdGc4ifcL7Q","3:45","ID Refusal - LIKE A BOSS - Just closes the door","218K views","4 years ago"
"https://www.youtube.com/watch?v=fbFmIYjAGzQ","https://i.ytimg.com/vi/fbFmIYjAGzQ/hqdefault.jpg?sqp=-oaymwEnCNACELwBSFryq4qpAxkIARUAAIhCGAHYAQHiAQoIGBACGAY4AUAB&rs=AOn4CLBJTeQUwXDG15fIaBdmVEeWIgPOkg","5:53","A dog will always try to bury his bone - ON THE CLOCK","23K views","4 years ago"
"https://www.youtube.com/watch?v=v4WRjKfdyAs","https://i.ytimg.com/vi/v4WRjKfdyAs/hqdefault.jpg?sqp=-oaymwEnCNACELwBSFryq4qpAxkIARUAAIhCGAHYAQHiAQoIGBACGAY4AUAB&rs=AOn4CLDnnIbPOg5hjbMBOFbLMsHSgVTVUA","12:45","Whoops, is that camera recording?","62K views","4 years ago"
"https://www.youtube.com/watch?v=DNHSz9rMwtw","https://i.ytimg.com/vi/DNHSz9rMwtw/hqdefault.jpg?sqp=-oaymwEnCNACELwBSFryq4qpAxkIARUAAIhCGAHYAQHiAQoIGBACGAY4AUAB&rs=AOn4CLAlLeenife5bdbvVjC3xUzkBXNuKw","4:48","Man knows the law better than the law","38K views","4 years ago"
"https://www.youtube.com/watch?v=KBBe6LBSv3E","https://i.ytimg.com/vi/KBBe6LBSv3E/hqdefault.jpg?sqp=-oaymwEnCNACELwBSFryq4qpAxkIARUAAIhCGAHYAQHiAQoIGBACGAY4AUAB&rs=AOn4CLDy8PSHuI1Q-6nqiX5x5lAwJi7MWQ","8:47","Stranger now are their eyes to this MYSTERY - Blinded eyes to see","7.6K views","4 years ago"
"https://www.youtube.com/watch?v=Eyr1qxiSMTo","https://i.ytimg.com/vi/Eyr1qxiSMTo/hqdefault.jpg?sqp=-oaymwFBCNACELwBSFryq4qpAzMIARUAAIhCGAHYAQHiAQoIGBACGAY4AUAB8AEB-AHUBoAC4AOKAgwIABABGGQgZShMMA8=&rs=AOn4CLDrrx3we7t8PPjWyuAnHfQsylT5ug","5:13","The property is private, LEAVE NOW!","587K views","4 years ago"
"https://www.youtube.com/watch?v=nOc5PLByTeY","https://i.ytimg.com/vi/nOc5PLByTeY/hqdefault.jpg?sqp=-oaymwEnCNACELwBSFryq4qpAxkIARUAAIhCGAHYAQHiAQoIGBACGAY4AUAB&rs=AOn4CLC1lTGfe6vPZVNR7W3ZsbW8cdLtgA","16:27","Captain tries to confiscate phone - 1st Amendment Audit","64K views","4 years ago"
"https://www.youtube.com/watch?v=GPVT6esO9Kg","https://i.ytimg.com/vi/GPVT6esO9Kg/hqdefault.jpg?sqp=-oaymwEnCNACELwBSFryq4qpAxkIARUAAIhCGAHYAQHiAQoIGBACGAY4AUAB&rs=AOn4CLCtlfG1zsJ7NDvswxU2Lw7Aa__hzg","7:04","Man knows case law and makes police OBEY","111K views","4 years ago"
"https://www.youtube.com/watch?v=ty8Tj6OBVHY","https://i.ytimg.com/vi/ty8Tj6OBVHY/hqdefault.jpg?sqp=-oaymwFBCNACELwBSFryq4qpAzMIARUAAIhCGAHYAQHiAQoIGBACGAY4AUAB8AEB-AHUBoAC4AOKAgwIABABGGUgTyhGMA8=&rs=AOn4CLCw3fTlh6Y-bpKWRIkyLDbDR4zGqg","13:13","Man owns this whole encounter LIKE A BOSS","136K views","4 years ago"
"https://www.youtube.com/watch?v=bnESU3Rg5A8&pp=0gcJCUwLAYcqIYzv","https://i.ytimg.com/vi/bnESU3Rg5A8/hqdefault.jpg?sqp=-oaymwEnCNACELwBSFryq4qpAxkIARUAAIhCGAHYAQHiAQoIGBACGAY4AUAB&rs=AOn4CLCHBMOlLri_SjTzfWzOxTs1wfddaQ","5:55","Pennsylvania V Mimms says you must get out when asked, unless…","34K views","4 years ago"
"https://www.youtube.com/watch?v=NllbkCV2aSA&pp=0gcJCUwLAYcqIYzv","https://i.ytimg.com/vi/NllbkCV2aSA/hqdefault.jpg?sqp=-oaymwFBCNACELwBSFryq4qpAzMIARUAAIhCGAHYAQHiAQoIGBACGAY4AUAB8AEB-AHUBoAC4AOKAgwIABABGH8gEygTMA8=&rs=AOn4CLDp2XYTkAtjLUW2oSepZHTuJYnt-g","8:42","Former police officer gets the royal BLUE treatment called “Discretion”","99K views","4 years ago"
"https://www.youtube.com/watch?v=o16LmNct-14","https://i.ytimg.com/vi/o16LmNct-14/hqdefault.jpg?sqp=-oaymwFBCNACELwBSFryq4qpAzMIARUAAIhCGAHYAQHiAQoIGBACGAY4AUAB8AEB-AHUBoAC4AOKAgwIABABGEMgTChlMA8=&rs=AOn4CLCUsyIguWJugh6fb_HLmNEPfdeMFA","7:23","Are you crazy? 1st Amendment Audit - Bakersfield Yard","2K views","4 years ago"
"https://www.youtube.com/watch?v=YTlskNVDSnc","https://i.ytimg.com/vi/YTlskNVDSnc/hqdefault.jpg?sqp=-oaymwEnCNACELwBSFryq4qpAxkIARUAAIhCGAHYAQHiAQoIGBACGAY4AUAB&rs=AOn4CLBJxCXTcVi4n2E2L8xQl1YYfMVCcA","9:09","Lackluster 1st Amendment Audit - Bakersfield City Yard","2.4K views","4 years ago"
"https://www.youtube.com/watch?v=puWT9jnqZwM","https://i.ytimg.com/vi/puWT9jnqZwM/hqdefault.jpg?sqp=-oaymwFBCNACELwBSFryq4qpAzMIARUAAIhCGAHYAQHiAQoIGBACGAY4AUAB8AEB-AHUBoAC4AOKAgwIABABGDwgVihyMA8=&rs=AOn4CLAfOOyOZtc5hbsEesl6f5e_8aKKcA","10:33","Jays Surreal Camera and San Joaquin Valley Transparency scour the earth for tyrants","819 views","4 years ago"
"https://www.youtube.com/watch?v=RPKgv4SHe5c","https://i.ytimg.com/vi/RPKgv4SHe5c/hqdefault.jpg?sqp=-oaymwEnCNACELwBSFryq4qpAxkIARUAAIhCGAHYAQHiAQoIGBACGAY4AUAB&rs=AOn4CLDkcqb-6-uYl6qDXWa156acOxmwoA","48:23","Man knows the law in Venice Beach","1.4K views","5 years ago"
"https://www.youtube.com/watch?v=Y4fP_Lf3ZTE","https://i.ytimg.com/vi/Y4fP_Lf3ZTE/hqdefault.jpg?sqp=-oaymwFBCNACELwBSFryq4qpAzMIARUAAIhCGAHYAQHiAQoIGBACGAY4AUAB8AEB-AHUBoAC4AOKAgwIABABGE4gYihlMA8=&rs=AOn4CLCAH2mSo0FZROmip7knvcOrmlpfkg","1:06:53","San Joaquin Podcast- Episode 2- Jays Surreal Camera","2K views","5 years ago"
"https://www.youtube.com/watch?v=_Xm2KhF0ekY","https://i.ytimg.com/vi/_Xm2KhF0ekY/hqdefault.jpg?sqp=-oaymwFBCNACELwBSFryq4qpAzMIARUAAIhCGAHYAQHiAQoIGBACGAY4AUAB8AEB-AHUBoAC4AOKAgwIABABGHIgRyg4MA8=&rs=AOn4CLABFT23tak8EWtPgNATXTG9CaQElg","1:22:55","San Joaquin Podcast - Episode 1- Jamey Daves","336 views","5 years ago"
"https://www.youtube.com/watch?v=74gmj-YlZCs","https://i.ytimg.com/vi/74gmj-YlZCs/hqdefault.jpg?sqp=-oaymwFBCNACELwBSFryq4qpAzMIARUAAIhCGAHYAQHiAQoIGBACGAY4AUAB8AEB-AH-DoACuAiKAgwIABABGE4gZChlMA8=&rs=AOn4CLBYYtd9qlcAZH_qWJC3qdfgYKqZRA","1:15:43","San Joaquin Podcast - Episode 3 - PoliceThePolice","659 views","5 years ago"
"https://www.youtube.com/watch?v=_VobaesOnyo","https://i.ytimg.com/vi/_VobaesOnyo/hqdefault.jpg?sqp=-oaymwEnCNACELwBSFryq4qpAxkIARUAAIhCGAHYAQHiAQoIGBACGAY4AUAB&rs=AOn4CLBLs7mVlr6vEfzzg5nSValmL1PZ8Q","0:34","The day I passed High Desert Community Watch","604 views","6 years ago"
"https://www.youtube.com/watch?v=hcW-zfY55Gk","https://i.ytimg.com/vi/hcW-zfY55Gk/hqdefault.jpg?sqp=-oaymwEnCNACELwBSFryq4qpAxkIARUAAIhCGAHYAQHiAQoIGBACGAY4AUAB&rs=AOn4CLB-ILAWGr6E-TX8LxiQSqLS362OEA","0:36","Mailman hauling @ss on the California 99 freeway","222 views","7 years ago"
"https://www.youtube.com/watch?v=avsfazPMLh8","https://i.ytimg.com/vi/avsfazPMLh8/hqdefault.jpg?sqp=-oaymwEnCNACELwBSFryq4qpAxkIARUAAIhCGAHYAQHiAQoIGBACGAY4AUAB&rs=AOn4CLDO7E_1l1TS6IRnYQk5KcGbJX2oKQ","1:01","Struttin’ it for the fellas. Alley cat gets audited and an old fool gets taught a huge lesson.","250 views","7 years ago"
"https://www.youtube.com/watch?v=6ZU1vk14VRs","https://i.ytimg.com/vi/6ZU1vk14VRs/hqdefault.jpg?sqp=-oaymwEnCNACELwBSFryq4qpAxkIARUAAIhCGAHYAQHiAQoIGBACGAY4AUAB&rs=AOn4CLCfcGgy5DwkChY2XjyB_TJfrLE5fw","14:04","Copwatch with SJVT, News Now California, Granite State Transparency and Nateskates182","688 views","7 years ago"
"https://www.youtube.com/watch?v=eZ4Xbz09h6Y","https://i.ytimg.com/vi/eZ4Xbz09h6Y/hqdefault.jpg?sqp=-oaymwEnCNACELwBSFryq4qpAxkIARUAAIhCGAHYAQHiAQoIGBACGAY4AUAB&rs=AOn4CLBgcNZrVQzPfzvqI3XBDnwmZm4ELw","1:22","SJVT is the Charles Bronson in Death Wish Copwatching","309 views","7 years ago"
"https://www.youtube.com/watch?v=Dz1Z-n8HL7c","https://i.ytimg.com/vi/Dz1Z-n8HL7c/hqdefault.jpg?sqp=-oaymwEnCNACELwBSFryq4qpAxkIARUAAIhCGAHYAQHiAQoIGBACGAY4AUAB&rs=AOn4CLBKjBaYV5c0RZ_HSq4A03UEAULk1Q","14:34","Lady goes 0 to 100 really fast... She breaks my camera","1K views","7 years ago"
"https://www.youtube.com/watch?v=j4Qa7oxEvzk","https://i.ytimg.com/vi/j4Qa7oxEvzk/hqdefault.jpg?sqp=-oaymwEnCNACELwBSFryq4qpAxkIARUAAIhCGAHYAQHiAQoIGBACGAY4AUAB&rs=AOn4CLDmydGxqaOM7PdgFcrLDc4Im7uUUg","10:30","PG&E First Amendment Audit w/ High Desert Community Watch - Bully Fail","606 views","7 years ago"
"https://www.youtube.com/watch?v=B2p4j9dodvU","https://i.ytimg.com/vi/B2p4j9dodvU/hqdefault.jpg?sqp=-oaymwFBCNACELwBSFryq4qpAzMIARUAAIhCGAHYAQHiAQoIGBACGAY4AUAB8AEB-AHKAoAC0AWKAgwIABABGGUgVihBMA8=&rs=AOn4CLBfYCrnfnIfxpcI1vmaSVEKvkc_vQ","2:37","How to put em in check - First Amendment Audit","394 views","7 years ago"
"https://www.youtube.com/watch?v=7r1l8HEot3M","https://i.ytimg.com/vi/7r1l8HEot3M/hqdefault.jpg?sqp=-oaymwEnCNACELwBSFryq4qpAxkIARUAAIhCGAHYAQHiAQoIGBACGAY4AUAB&rs=AOn4CLARqRbFOFYDAhjWtja78Ui42Gtu6g","3:58","Asking an officer questions! First Amendment Audit Bakersfield California","376 views","7 years ago"
"https://www.youtube.com/watch?v=o5u7SsmAeZI","https://i.ytimg.com/vi/o5u7SsmAeZI/hqdefault.jpg?sqp=-oaymwEnCNACELwBSFryq4qpAxkIARUAAIhCGAHYAQHiAQoIGBACGAY4AUAB&rs=AOn4CLB_ob4Bp8NCa51IidgWWwm4hB9GDA","30:01","Marquez lowers his standards, becomes lesser man!","863 views","7 years ago"
"https://www.youtube.com/watch?v=nreQqJW4Xhw&pp=0gcJCUwLAYcqIYzv","https://i.ytimg.com/vi/nreQqJW4Xhw/hqdefault.jpg?sqp=-oaymwEnCNACELwBSFryq4qpAxkIARUAAIhCGAHYAQHiAQoIGBACGAY4AUAB&rs=AOn4CLDXYlzMYqrN3uDltBodi8-BBkN_Aw","17:54","(Amazing) Man is cured of all pains by street preacher! 1st Amendment Audit News Now Trending","182 views","7 years ago"
"https://www.youtube.com/watch?v=wixH8GnDkAk","https://i.ytimg.com/vi/wixH8GnDkAk/hqdefault.jpg?sqp=-oaymwEnCNACELwBSFryq4qpAxkIARUAAIhCGAHYAQHiAQoIGBACGAY4AUAB&rs=AOn4CLCyuE2qe4OsT6ythCu_NLSsIFYxqA","12:05","Don’t act stupid! San Joaquin checks a cop.","1.2K views","7 years ago"
"https://www.youtube.com/watch?v=bqy4PMwCDeo","https://i.ytimg.com/vi/bqy4PMwCDeo/hqdefault.jpg?sqp=-oaymwFBCNACELwBSFryq4qpAzMIARUAAIhCGAHYAQHiAQoIGBACGAY4AUAB8AEB-AH-CYAC0AWKAgwIABABGDsgUyhyMA8=&rs=AOn4CLDVEnqZiXjcwhpjHRG51dTsd0DLeQ","20:54","(Crazy neighbor) Public Freakout Crazy Couple from Hell!","2.9K views","7 years ago"
"https://www.youtube.com/watch?v=buTPagZfea0","https://i.ytimg.com/vi/buTPagZfea0/hqdefault.jpg?sqp=-oaymwEnCNACELwBSFryq4qpAxkIARUAAIhCGAHYAQHiAQoIGBACGAY4AUAB&rs=AOn4CLDxiPHK0f4vl6NN0TXkJx4Lj4A4Ig","16:53","No need for challenges amongst each other! Just record the police","197 views","7 years ago"
"https://www.youtube.com/watch?v=sJXxBx2oXIM","https://i.ytimg.com/vi/sJXxBx2oXIM/hqdefault.jpg?sqp=-oaymwEnCNACELwBSFryq4qpAxkIARUAAIhCGAHYAQHiAQoIGBACGAY4AUAB&rs=AOn4CLDofGxk8lvKICnWqMvoIriPzbTb1A","14:48","(Crazy) USPS calls cops on SJVT","1.4K views","7 years ago"
"https://www.youtube.com/watch?v=jCqprpql5W4","https://i.ytimg.com/vi/jCqprpql5W4/hqdefault.jpg?sqp=-oaymwEnCNACELwBSFryq4qpAxkIARUAAIhCGAHYAQHiAQoIGBACGAY4AUAB&rs=AOn4CLCKcoS5HVwlrSfm8vPQwcFyOld4rw","11:43","“Take it easy, Bro” San Joaquin Copwatch","12K views","7 years ago"
"https://www.youtube.com/watch?v=LF2AFnr1bBg","https://i.ytimg.com/vi/LF2AFnr1bBg/hqdefault.jpg?sqp=-oaymwEnCNACELwBSFryq4qpAxkIARUAAIhCGAHYAQHiAQoIGBACGAY4AUAB&rs=AOn4CLDEYD2jwlQq8gBdnapReMvleQPJzA","5:34","San Joaquin Copwatch","5.6K views","7 years ago"
"https://www.youtube.com/watch?v=X_Oc5bXKA4M","https://i.ytimg.com/vi/X_Oc5bXKA4M/hqdefault.jpg?sqp=-oaymwEnCNACELwBSFryq4qpAxkIARUAAIhCGAHYAQHiAQoIGBACGAY4AUAB&rs=AOn4CLA0vQrHkM06ywGTHS5-I-Jpq5KbPw","4:34","Posing for the camera! Extortion with pride.","417 views","7 years ago"
"https://www.youtube.com/watch?v=-AyGdrYpioQ","https://i.ytimg.com/vi/-AyGdrYpioQ/hqdefault.jpg?sqp=-oaymwEnCNACELwBSFryq4qpAxkIARUAAIhCGAHYAQHiAQoIGBACGAY4AUAB&rs=AOn4CLBLrz2FJ8zCNQfTNBNS28ERQxqzjQ","11:47","True Story of Mark Bacon - The Beginning!!!","208 views","7 years ago"
"https://www.youtube.com/watch?v=ucM7iWOA6GY","https://i.ytimg.com/vi/ucM7iWOA6GY/hqdefault.jpg?sqp=-oaymwEnCNACELwBSFryq4qpAxkIARUAAIhCGAHYAQHiAQoIGBACGAY4AUAB&rs=AOn4CLDAEiEdT6G3GMzrdM2fGv4oUGLD8g","9:18","“I ain’t your bro!” finale 1st Amendment Audit San Joaquin Refining","874 views","7 years ago"
"https://www.youtube.com/watch?v=8lnJmc1K7mQ","https://i.ytimg.com/vi/8lnJmc1K7mQ/hqdefault.jpg?sqp=-oaymwEnCNACELwBSFryq4qpAxkIARUAAIhCGAHYAQHiAQoIGBACGAY4AUAB&rs=AOn4CLBlZRUKmYaLlYp5584la-uGVxAR4w","10:47","(Paranoid) (Entitled) government worker","396 views","7 years ago"
"https://www.youtube.com/watch?v=wJ6nsVcHRx4","https://i.ytimg.com/vi/wJ6nsVcHRx4/hqdefault.jpg?sqp=-oaymwEnCNACELwBSFryq4qpAxkIARUAAIhCGAHYAQHiAQoIGBACGAY4AUAB&rs=AOn4CLADxdEhBEgbwh4YdBl1denUo8V93Q","2:17","True Story narrated by Mark Bacon","115 views","7 years ago"
"https://www.youtube.com/watch?v=GOtir3Gtfto","https://i.ytimg.com/vi/GOtir3Gtfto/hqdefault.jpg?sqp=-oaymwEnCNACELwBSFryq4qpAxkIARUAAIhCGAHYAQHiAQoIGBACGAY4AUAB&rs=AOn4CLCAnTQJj0aFLwZcH2iZ35CW6vFoOg","13:08","Elderly homeless woman shot by Dinuba police officer.","602 views","7 years ago"
"https://www.youtube.com/watch?v=4IEaf9Lgq2s","https://i.ytimg.com/vi/4IEaf9Lgq2s/hqdefault.jpg?sqp=-oaymwEnCNACELwBSFryq4qpAxkIARUAAIhCGAHYAQHiAQoIGBACGAY4AUAB&rs=AOn4CLDJa-SksD3UAUNEWoocuDRxNyMuiA","11:07","Recording while black! LAPD Blue Line Criminals","513 views","7 years ago"
"https://www.youtube.com/watch?v=zmUb0QnbAsc","https://i.ytimg.com/vi/zmUb0QnbAsc/hqdefault.jpg?sqp=-oaymwEnCNACELwBSFryq4qpAxkIARUAAIhCGAHYAQHiAQoIGBACGAY4AUAB&rs=AOn4CLDgGa-Di0ymwF2zji5yPkVPHRH5Ew","12:54","(Suspicious) Behavior with High Desert Community Watch & California Guardian","2.2K views","7 years ago"
"https://www.youtube.com/watch?v=OKMb0ZOP4nw","https://i.ytimg.com/vi/OKMb0ZOP4nw/hqdefault.jpg?sqp=-oaymwEnCNACELwBSFryq4qpAxkIARUAAIhCGAHYAQHiAQoIGBACGAY4AUAB&rs=AOn4CLAD1ruZ1iQu9PWT4N4rjy_KAlPUeQ","12:33","(Hilarious) “We’re not your Bros!” With High Desert Community Watch and California Guardian","1.7K views","7 years ago"
"https://www.youtube.com/watch?v=6hs45VAfYBk","https://i.ytimg.com/vi/6hs45VAfYBk/hqdefault.jpg?sqp=-oaymwEnCNACELwBSFryq4qpAxkIARUAAIhCGAHYAQHiAQoIGBACGAY4AUAB&rs=AOn4CLBSmbQVBwQN5gYxoXBzgTyUSbue2Q","3:47","Modern day Slavery and mind control!","509 views","7 years ago"
"https://www.youtube.com/watch?v=i2tvXFkY-FU","https://i.ytimg.com/vi/i2tvXFkY-FU/hqdefault.jpg?sqp=-oaymwEnCNACELwBSFryq4qpAxkIARUAAIhCGAHYAQHiAQoIGBACGAY4AUAB&rs=AOn4CLAqRCk6ZMPtSQyBdnW0ROmjYHTYsQ","9:03","(Stupid) (Funny) (Trending) (News Now)","506 views","7 years ago"
"https://www.youtube.com/watch?v=nmyTF07T-EE","https://i.ytimg.com/vi/nmyTF07T-EE/hqdefault.jpg?sqp=-oaymwEnCNACELwBSFryq4qpAxkIARUAAIhCGAHYAQHiAQoIGBACGAY4AUAB&rs=AOn4CLD0QZ-oz4NP4xF8Gsk_LFuKOY59HA","3:01","(Deputy) posted up lurking, got lurked on by some California Lurkers!","298 views","7 years ago"
"https://www.youtube.com/watch?v=n57laacPBx8","https://i.ytimg.com/vi/n57laacPBx8/hqdefault.jpg?sqp=-oaymwEnCNACELwBSFryq4qpAxkIARUAAIhCGAHYAQHiAQoIGBACGAY4AUAB&rs=AOn4CLBDzKIQMQyMoicP0W480hJgF10fgw","19:59","Fly high little Birdie, fly high!","361 views","7 years ago"
"https://www.youtube.com/watch?v=w5s9cGEP-DI","https://i.ytimg.com/vi/w5s9cGEP-DI/hqdefault.jpg?sqp=-oaymwEnCNACELwBSFryq4qpAxkIARUAAIhCGAHYAQHiAQoIGBACGAY4AUAB&rs=AOn4CLCRseERWrhw7x7quGG28YfegquUxQ","12:01","Alameda Police Twilight Zone","1K views","7 years ago"