"first","first href","skiptranslate","goog-te-combo","goog-te-combo 2","goog-te-combo 3","goog-te-combo 4","goog-te-combo 5","goog-te-combo 6","goog-te-combo 7","goog-te-combo 8","goog-te-combo 9","goog-te-combo 10","goog-te-combo 11","goog-te-combo 12","goog-te-combo 13","goog-te-combo 14","goog-te-combo 15","goog-te-combo 16","goog-te-combo 17","goog-te-combo 18","goog-te-combo 19","goog-te-combo 20","goog-te-combo 21","goog-te-combo 22","goog-te-combo 23","goog-te-combo 24","goog-te-combo 25","goog-te-combo 26","goog-te-combo 27","goog-te-combo 28","goog-te-combo 29","goog-te-combo 30","goog-te-combo 31","goog-te-combo 32","goog-te-combo 33","goog-te-combo 34","goog-te-combo 35","goog-te-combo 36","goog-te-combo 37","goog-te-combo 38","goog-te-combo 39","goog-te-combo 40","goog-te-combo 41","goog-te-combo 42","goog-te-combo 43","goog-te-combo 44","goog-te-combo 45","goog-te-combo 46","goog-te-combo 47","goog-te-combo 48","goog-te-combo 49","goog-te-combo 50","goog-te-combo 51","goog-te-combo 52","goog-te-combo 53","goog-te-combo 54","goog-te-combo 55","goog-te-combo 56","goog-te-combo 57","goog-te-combo 58","goog-te-combo 59","goog-te-combo 60","goog-te-combo 61","goog-te-combo 62","goog-te-combo 63","goog-te-combo 64","goog-te-combo 65","goog-te-combo 66","goog-te-combo 67","goog-te-combo 68","goog-te-combo 69","goog-te-combo 70","goog-te-combo 71","goog-te-combo 72","goog-te-combo 73","goog-te-combo 74","goog-te-combo 75","goog-te-combo 76","goog-te-combo 77","goog-te-combo 78","goog-te-combo 79","goog-te-combo 80","goog-te-combo 81","goog-te-combo 82","goog-te-combo 83","goog-te-combo 84","goog-te-combo 85","goog-te-combo 86","goog-te-combo 87","goog-te-combo 88","goog-te-combo 89","goog-te-combo 90","goog-te-combo 91","goog-te-combo 92","goog-te-combo 93","goog-te-combo 94","goog-te-combo 95","goog-te-combo 96","goog-te-combo 97","goog-te-combo 98","goog-te-combo 99","goog-te-combo 100","goog-te-combo 101","goog-te-combo 102","goog-te-combo 103","goog-te-combo 104","goog-te-combo 105","goog-te-combo 106","goog-te-combo 107","goog-te-combo 108","goog-te-combo 109","goog-te-combo 110","goog-te-combo 111","goog-te-combo 112","goog-te-combo 113","goog-te-combo 114","goog-te-combo 115","goog-te-combo 116","goog-te-combo 117","goog-te-combo 118","goog-te-combo 119","goog-te-combo 120","goog-te-combo 121","goog-te-combo 122","goog-te-combo 123","goog-te-combo 124","goog-te-combo 125","goog-te-combo 126","goog-te-combo 127","goog-te-combo 128","goog-te-combo 129","goog-te-combo 130","goog-te-combo 131","goog-te-combo 132","goog-te-combo 133","goog-te-combo 134","goog-te-combo 135","goog-te-combo 136","goog-te-combo 137","goog-te-combo 138","goog-te-combo 139","goog-te-combo 140","goog-te-combo 141","goog-te-combo 142","goog-te-combo 143","goog-te-combo 144","goog-te-combo 145","goog-te-combo 146","goog-te-combo 147","goog-te-combo 148","goog-te-combo 149","goog-te-combo 150","goog-te-combo 151","goog-te-combo 152","goog-te-combo 153","goog-te-combo 154","goog-te-combo 155","goog-te-combo 156","goog-te-combo 157","goog-te-combo 158","goog-te-combo 159","goog-te-combo 160","goog-te-combo 161","goog-te-combo 162","goog-te-combo 163","goog-te-combo 164","goog-te-combo 165","goog-te-combo 166","goog-te-combo 167","goog-te-combo 168","goog-te-combo 169","goog-te-combo 170","goog-te-combo 171","goog-te-combo 172","goog-te-combo 173","goog-te-combo 174","goog-te-combo 175","goog-te-combo 176","goog-te-combo 177","goog-te-combo 178","goog-te-combo 179","goog-te-combo 180","goog-te-combo 181","goog-te-combo 182","goog-te-combo 183","goog-te-combo 184","goog-te-combo 185","goog-te-combo 186","goog-te-combo 187","goog-te-combo 188","goog-te-combo 189","goog-te-combo 190","goog-te-combo 191","goog-te-combo 192","goog-te-combo 193","goog-te-combo 194","goog-te-combo 195","goog-te-combo 196","goog-te-combo 197","goog-te-combo 198","goog-te-combo 199","goog-te-combo 200","goog-te-combo 201","goog-te-combo 202","goog-te-combo 203","goog-te-combo 204","goog-te-combo 205","goog-te-combo 206","goog-te-combo 207","goog-te-combo 208","goog-te-combo 209","goog-te-combo 210","goog-te-combo 211","goog-te-combo 212","goog-te-combo 213","goog-te-combo 214","goog-te-combo 215","goog-te-combo 216","goog-te-combo 217","goog-te-combo 218","goog-te-combo 219","goog-te-combo 220","goog-te-combo 221","goog-te-combo 222","goog-te-combo 223","goog-te-combo 224","goog-te-combo 225","goog-te-combo 226","goog-te-combo 227","goog-te-combo 228","goog-te-combo 229","goog-te-combo 230","goog-te-combo 231","goog-te-combo 232","goog-te-combo 233","goog-te-combo 234","goog-te-combo 235","goog-te-combo 236","goog-te-combo 237","goog-te-combo 238","goog-te-combo 239","goog-te-combo 240","goog-te-combo 241","goog-te-combo 242","goog-te-combo 243","goog-te-combo 244","goog-te-combo 245","goog-te-combo 246","goog-te-combo 247","goog-te-combo 248","goog-te-combo 249","VIpgJd-ZVi9od-l4eHX-hSRGPd","VIpgJd-ZVi9od-l4eHX-hSRGPd href","VIpgJd-ZVi9od-l4eHX-hSRGPd src","field","field src","header__logo href","header__logo--image src","control-label","button","tbm-button-hamburger-menu-text","tbm-link","tbm-link href","tbm-link 2","tbm-link href 2","visually-hidden","tbm-link 3","tbm-link href 3","tbm-link 4","tbm-link href 4","tbm-link 5","tbm-link href 5","tbm-link 6","tbm-link href 6","tbm-link 7","tbm-link href 7","tbm-link 8","tbm-link href 8","tbm-link 9","tbm-link href 9","tbm-link 10","tbm-link href 10","tbm-link 11","tbm-link href 11","visually-hidden 2","tbm-link 12","tbm-link href 12","tbm-link 13","tbm-link href 13","visually-hidden 3","tbm-link 14","tbm-link 15","tbm-link href 15","tbm-link 16","tbm-link href 16","tbm-link 17","tbm-link href 17","tbm-link 18","tbm-link href 18","tbm-link 19","tbm-link href 19","tbm-link 20","tbm-link href 20","tbm-link 21","tbm-link href 21","tbm-link 22","tbm-link href 22","block","visually-hidden 4","js-quickedit-main-content","field 2","btn-primary","btn-primary href","field 3","align-right src","field 4","field 5","field 6","field 7","field 8","field--item","field--item 2","field--item src","field--item 3","field--item 4","field--item href","field 9","paragraph__card--icon-link href","text-align-center","field 10","btn-primary 2","text-align-center 2","field 11","btn-primary 3","paragraph__card--icon-link href 3","text-align-center 3","field 12","btn-primary 4","field 13","field--item src 2","field--item src 3","text-align-center 4","field 14","field href","field 15","field 16","field href 2","field 17","field 18","field href 3","field 19","field 20","field 21","field href 4","field 22","field href 5","align-center src","text-align-center href","field href 6","field href 7","field href 8","field href 9","field href 10","field href 11","field href 12","field href 13","field href 14","field href 15","field href 16","field href 17","container","footer__global-footer--links","footer__global-footer--links 2","footer__global-footer--links href","footer__global-footer--links 3","footer__global-footer--links href 2","logo--cogov","logo--cogov href"
"Accessibility","https://judicialperformance.colorado.gov/accessibility","Powered by","Select Language","Abkhaz","Acehnese","Acholi","Afar","Afrikaans","Albanian","Alur","Amharic","Arabic","Armenian","Assamese","Avar","Awadhi","Aymara","Azerbaijani","Balinese","Baluchi","Bambara","Baoulé","Bashkir","Basque","Batak Karo","Batak Simalungun","Batak Toba","Belarusian","Bemba","Bengali","Betawi","Bhojpuri","Bikol","Bosnian","Breton","Bulgarian","Buryat","Cantonese","Catalan","Cebuano","Chamorro","Chechen","Chichewa","Chinese (Simplified)","Chinese (Traditional)","Chuukese","Chuvash","Corsican","Crimean Tatar (Cyrillic)","Crimean Tatar (Latin)","Croatian","Czech","Danish","Dari","Dhivehi","Dinka","Dogri","Dombe","Dutch","Dyula","Dzongkha","Esperanto","Estonian","Ewe","Faroese","Fijian","Filipino","Finnish","Fon","French","French (Canada)","Frisian","Friulian","Fulani","Ga","Galician","Georgian","German","Greek","Guarani","Gujarati","Haitian Creole","Hakha Chin","Hausa","Hawaiian","Hebrew","Hiligaynon","Hindi","Hmong","Hungarian","Hunsrik","Iban","Icelandic","Igbo","Ilocano","Indonesian","Inuktut (Latin)","Inuktut (Syllabics)","Irish","Italian","Jamaican Patois","Japanese","Javanese","Jingpo","Kalaallisut","Kannada","Kanuri","Kapampangan","Kazakh","Khasi","Khmer","Kiga","Kikongo","Kinyarwanda","Kituba","Kokborok","Komi","Konkani","Korean","Krio","Kurdish (Kurmanji)","Kurdish (Sorani)","Kyrgyz","Lao","Latgalian","Latin","Latvian","Ligurian","Limburgish","Lingala","Lithuanian","Lombard","Luganda","Luo","Luxembourgish","Macedonian","Madurese","Maithili","Makassar","Malagasy","Malay","Malay (Jawi)","Malayalam","Maltese","Mam","Manx","Maori","Marathi","Marshallese","Marwadi","Mauritian Creole","Meadow Mari","Meiteilon (Manipuri)","Minang","Mizo","Mongolian","Myanmar (Burmese)","Nahuatl (Eastern Huasteca)","Ndau","Ndebele (South)","Nepalbhasa (Newari)","Nepali","NKo","Norwegian","Nuer","Occitan","Odia (Oriya)","Oromo","Ossetian","Pangasinan","Papiamento","Pashto","Persian","Polish","Portuguese (Brazil)","Portuguese (Portugal)","Punjabi (Gurmukhi)","Punjabi (Shahmukhi)","Quechua","Qʼeqchiʼ","Romani","Romanian","Rundi","Russian","Sami (North)","Samoan","Sango","Sanskrit","Santali (Latin)","Santali (Ol Chiki)","Scots Gaelic","Sepedi","Serbian","Sesotho","Seychellois Creole","Shan","Shona","Sicilian","Silesian","Sindhi","Sinhala","Slovak","Slovenian","Somali","Spanish","Sundanese","Susu","Swahili","Swati","Swedish","Tahitian","Tajik","Tamazight","Tamazight (Tifinagh)","Tamil","Tatar","Telugu","Tetum","Thai","Tibetan","Tigrinya","Tiv","Tok Pisin","Tongan","Tshiluba","Tsonga","Tswana","Tulu","Tumbuka","Turkish","Turkmen","Tuvan","Twi","Udmurt","Ukrainian","Urdu","Uyghur","Uzbek","Venda","Venetian","Vietnamese","Waray","Welsh","Wolof","Xhosa","Yakut","Yiddish","Yoruba","Yucatec Maya","Zapotec","Zulu","Translate","https://translate.google.com/","https://www.gstatic.com/images/branding/googlelogo/1x/googlelogo_color_42x16dp.png","function googleTranslateElementInit() {
  new google.translate.TranslateElement({pageLanguage: 'en'}, 'google_translate_element');
}","https://translate.google.com/translate_a/element.js?cb=googleTranslateElementInit","https://judicialperformance.colorado.gov/","https://judicialperformance.colorado.gov/sites/judicialperformance/files/logo.svg","Site Search","Search","Menu","Home","https://judicialperformance.colorado.gov/home","Know your Judges","https://judicialperformance.colorado.gov/judicial-evaluations","Toggle Know your Judges  submenu","2024 Evaluations","https://judicialperformance.colorado.gov/2024-judicial-performance-evaluations","2022 Evaluations (ARCHIVED)","https://judicialperformance.colorado.gov/know-your-judges/2022-judicial-performance-evaluations","2020 Evaluations (ARCHIVED)","https://judicialperformance.colorado.gov/know-your-judges/2020-judicial-performance-evaluations","2018 Evaluations (ARCHIVED)","https://judicialperformance.colorado.gov/2018-judicial-performance-evaluations","2016 Evaluations (ARCHIVED)","https://judicialperformance.colorado.gov/know-your-judges/2016-judicial-performance-evaluations","2014 Evaluations (ARCHIVED)","https://judicialperformance.colorado.gov/know-your-judges/2014-judicial-performance-evaluations","Evaluation Process","https://judicialperformance.colorado.gov/merit-selection-and-evaluation-process","Submit an Evaluation","https://judicialperformance.colorado.gov/citizen-feedback","Get Involved","https://judicialperformance.colorado.gov/get-involved","Toggle Get Involved  submenu","Apply to be a Commissioner","https://judicialperformance.colorado.gov/current-commissioner-opportunities","About Us","https://judicialperformance.colorado.gov/about-us","Toggle About Us  submenu","What is OJPE?","Colorado Revised Statute and Rules","https://judicialperformance.colorado.gov/statute-and-rules","State Commission","https://judicialperformance.colorado.gov/state-commission-of-judicial-performance","District Commissions","https://judicialperformance.colorado.gov/about-us/district-commission-rosters","Press Releases","https://judicialperformance.colorado.gov/category/press-release","Additional Resources","https://judicialperformance.colorado.gov/links","Contact Us","https://judicialperformance.colorado.gov/contact-us","FAQs","https://judicialperformance.colorado.gov/frequently-asked-questions","Historical Archive","https://judicialperformance.colorado.gov/historical-archive","if (window.matchMedia(""(max-width: 1024px)"").matches) {
  document.getElementById(""0678d80e-1549-4702-8b06-5218477300ea"").classList.add('tbm--mobile');
}","Colorado Office of Judicial Performance Evaluation Home","","","","","","","","","","","","","","","","","","","","","","","","","","","","","","","","","","","","","","","","","","","","","","","","","","","","","","","","","","","","","","","","","","","","",""
"","","","","","","","","","","","","","","","","","","","","","","","","","","","","","","","","","","","","","","","","","","","","","","","","","","","","","","","","","","","","","","","","","","","","","","","","","","","","","","","","","","","","","","","","","","","","","","","","","","","","","","","","","","","","","","","","","","","","","","","","","","","","","","","","","","","","","","","","","","","","","","","","","","","","","","","","","","","","","","","","","","","","","","","","","","","","","","","","","","","","","","","","","","","","","","","","","","","","","","","","","","","","","","","","","","","","","","","","","","","","","","","","","","","","","","","","","","","","","","","","","","","","","","","","","","","","","","","2024 Judicial Performance Evaluations","","","","","","","","","","","(opens in new window)","","","","","","","","","","","","","","","","","","","","","","","","","","","","","","","","","","","","","","","","","","","","0","Voters can review the 2024 performance evaluations for district and county judges standing for retention in their judicial district. The ballot also includes appellate judges up for retention, helping voters make informed decisions based on comprehensive evaluations conducted by the commissions.","Review the Evaluations","https://judicialperformance.colorado.gov/2024-judicial-performance-evaluations","Voting Dates","https://judicialperformance.colorado.gov/sites/judicialperformance/files/inline-images/my_project_1.jpg","Judicial Retention Information Web Release: August 4th, 2026","Voter information guides sent out: TBD","Mail Ballots sent out: TBD","Election Day: November 3rd, 2026","Voting poll hours on Election Day: 7:00 AM to 7:00 PM","KnowYourJudge.com Video Tutorial","Learn how to make informed decisions this election season with KnowYourJudge.com — Colorado’s official resource for reviewing judicial performance evaluations. This short tutorial will guide you step-by-step through the website, showing you how to find judges on your ballot, explore evaluation details, and access survey results and commission recommendations. Whether you’re a first-time voter or simply want to understand the process better, this video will help you navigate KnowYourJudge.com with ease before you cast your vote.","https://www.youtube.com/embed/sIAV_WGUOJM","Need Descriptive Text? Find a full transcript here:","Tutorial Transcript (PDF)","https://judicialperformance.colorado.gov/sites/judicialperformance/files/documents/Descriptive%20Transcript%20-%20Website%20Tutorial%20video%20%281%29-UA.pdf","Learn, Review, and Contribute to Judicial Evaluations","https://judicialperformance.colorado.gov/judicial-evaluations","Learn About the Process","The judicial performance evaluation process combines several methods to ensure a fair and comprehensive assessment. Surveys, courtroom observations, opinion reviews, and interviews provide multiple perspectives on a judge’s integrity, communication, legal knowledge, and overall performance before the commission determines whether the judge meets performance standards. Get more information regarding the Retention and Evaluation process for your State of Colorado Judges.","Review the Retention and Evaluation Process","Find a Judge","Voters have the opportunity to review the performance evaluations of any district and county judges standing for retention in their judicial district. In addition, the ballot will include all appellate judges up for retention, allowing voters to make informed decisions based on the comprehensive evaluations conducted by the commissions. Find Judge Evaluation data from 1990 to the present.","Access Judge Evaluation Data","https://judicialperformance.colorado.gov/citizen-feedback","Submit an Evaluation","Members of the public, jurors, and legal professionals are encouraged to participate in the judicial evaluation process by submitting feedback about judges. Whether through surveys for attorneys, jurors, or non-attorneys—or by providing written public comments—your input helps the commissions ensure fair, thorough, and transparent evaluations of Colorado judges. Get more information on submitting a Judicial Performance Evaluation on your State of Colorado judges.","Submit a Judicial Performance Evaluations","OJPE Media","https://www.youtube.com/embed/AOEc0uhvqbg","https://www.youtube.com/embed/b_0t2rMAqBU","Social Media Accounts:","Instagram:","https://judicialperformance.colorado.gov/%3Cblockquote%20class=%22instagram-media%22%20data-instgrm-permalink=%22https://www.instagram.com/cojudgeeval/?utm_source=ig_embed&amp;utm_campaign=loading%22%20data-instgrm-version=%2214%22%20style=%22%20background:#FFF;%20border:0;%20border-radius:3px;%20box-shadow:0%200%201px%200%20rgba(0,0,0,0.5),0%201px%2010px%200%20rgba(0,0,0,0.15);%20margin:%201px;%20max-width:540px;%20min-width:326px;%20padding:0;%20width:99.375%;%20width:-webkit-calc(100%%20-%202px);%20width:calc(100%%20-%202px);%22%3E%20%20%20%3Cdiv%20style=%22padding:8px;%22%3E%20%20%20%20%20%20%3C!--%20Your%20Instagram%20content%20goes%20here%20--%3E%20%20%20%3C/div%3E%20%3C/blockquote%3E%20%3Cscript%20async%20src=%22//www.instagram.com/embed.js%22%3E%3C/script%3E","@COJudgeEval (Link)","Facebook:","https://www.facebook.com/coloradojudicialperformance","OJPE Profile (Link)","X/Twitter:","https://x.com/COJudgeEval","@COJudgeEval","Need Descriptive Text? Find a full transcript here:","Know Your Judge Commercial (English PDF)","https://judicialperformance.colorado.gov/sites/judicialperformance/files/documents/Video%20Transcript%20-%20Knowyourjudge.com%20Commercial-UA.pdf","Transcripción del Video – Comercial Know Your Judge (Versión en inglés accesible del comercial en español)","https://judicialperformance.colorado.gov/sites/judicialperformance/files/documents/Spanish%20Commercial%20Accessible%20Transcript-UA.pdf","","","","","","","","","","","","","","","","","","","","","",""
"","","","","","","","","","","","","","","","","","","","","","","","","","","","","","","","","","","","","","","","","","","","","","","","","","","","","","","","","","","","","","","","","","","","","","","","","","","","","","","","","","","","","","","","","","","","","","","","","","","","","","","","","","","","","","","","","","","","","","","","","","","","","","","","","","","","","","","","","","","","","","","","","","","","","","","","","","","","","","","","","","","","","","","","","","","","","","","","","","","","","","","","","","","","","","","","","","","","","","","","","","","","","","","","","","","","","","","","","","","","","","","","","","","","","","","","","","","","","","","","","","","","","","","","","","","","","","","","h2, .h2 {font-size: calc(1.5rem + 1vmin);}
h3, .h3 {font-size: calc(1.3rem + 1vmin);}
h4, .h4 {font-size: calc(1.1rem + 1vmin);}
h5, .h5 {font-size: calc(.9rem + 1vmin);}
h6, .h6 {font-size: calc(.7rem + 1vmin); }","","","","","","","","","","","","","","","","","","","","","","","","","","","","","","","","","","","","","","","","","","","","","","","","","","","","","","","","Useful Links","","","Judge Evaluations","","State Commissioners","District Commissioners","Become a Commissioner","FAQ","Reports and Resources","","","","","","","Statistical Report","","Ralph L. Carr Judicial Center","SMART Report","","1300 Broadway, Suite 220Denver, Colorado 80203","Voter Polls","","","(303) 928-7777","Fact Sheet","","Statute and Rules","","","","Judicial Performance Survey Instrument","https://judicialperformance.colorado.gov/judicial-evaluations","Additional Resources","Our Office","https://judicialperformance.colorado.gov/state-commission-of-judicial-performance","Contact Us","Press Releases","https://judicialperformance.colorado.gov/about-us/district-commission-rosters","Accessibility Statement","Administrative Records Request","Survey Vendor","https://judicialperformance.colorado.gov/current-commissioner-opportunities","","https://judicialperformance.colorado.gov/frequently-asked-questions","https://judicialperformance.colorado.gov/sites/judicialperformance/files/styles/flexslider_full/public/06-2020/co_jud_ojpe_rgb.png","tel:+13039287777","https://judicialperformance.colorado.gov/sites/judicialperformance/files/documents/2024%20Judicial%20Performance%20Evaluation%20Report%20%28Post-Election%29%20Remediated.pdf","https://judicialperformance.colorado.gov/sites/judicialperformance/files/documents/Smart%20Act%202023%20Final%20Combined.pdf","https://judicialperformance.colorado.gov/voter-polls","https://judicialperformance.colorado.gov/sites/judicialperformance/files/documents/factsheet%20accessible-UA.pdf","https://judicialperformance.colorado.gov/statute-and-rules","https://judicialperformance.colorado.gov/judicial-performance-surveys","https://judicialperformance.colorado.gov/links","https://judicialperformance.colorado.gov/contact-us","https://judicialperformance.colorado.gov/category/press-release","https://judicialperformance.colorado.gov/accessibility","https://judicialperformance.colorado.gov/about-us/administrative-records-request","https://marketdecisions.com/","placeholder","© 2026 State of Colorado","Transparency Online","https://data.colorado.gov/stories/s/fjyf-bdat","General Notices","https://www.colorado.gov/general-notices","Colorado Official State Web Portal","https://www.colorado.gov/"