"wp-block-details","wp-block-details 2","wp-block-details 3","wp-block-details 4","wp-block-details href"
"1. What are LLPs?","Licensed legal paraprofessionals (“LLPs”) in Colorado are a new legal profession. Under court rules approved by the Colorado Supreme Court in March 2023, November 2023, and October 2025, paralegals and other legal paraprofessionals can apply for licensure to provide certain legal services in certain type of family law matters.","The Colorado Supreme Court’s lengthy process for determining the scope and details of the LLP program involved years of planning, a written public comment period, and a public hearing. The details of that process can be found .","here","https://www.coloradolegalregulation.com/aboutus/pals/"
"2A. What are LLPs be allowed to do?","governs the scope of an LLP’s practice of law in Colorado. LLPs can represent clients in: a legal separation, declaration of invalidity of marriage, or dissolution of a marriage/civil union, whether pre-decree or post-decree; establishing, enforcing and modifying child support; remedial contempt associated with that scope of practice; name changes; protective orders; adult gender designation changes; an initial allocation or modification of parental responsibilities; and two-party parentage cases. The rule’s text provides additional details about scope of practice. LLPs are able to advise those clients, prepare, draft and file documents in court, assist clients in mediation, appear at and fully represent clients in hearings, and fulfill steps ordinarily taken in such matters that are consistent with the Colorado Rules of Civil Procedure. Civil and ethical rules requiring lawyers to have a good-faith basis for their filings and statements apply to LLPs as well.","","C.R.C.P. 207.1","https://www.coloradolegalregulation.com/future-lawyers/rulesgoverningadmissions/"
"2B(1).Can an LLP handle a matter involving an expert?","Yes. There are no longer limitations on an LLP’s scope of practice in C.R.C.P. 207.1 specific to expert witnesses.","","",""
"2B(2).  Are there some situations that are too complex for an LLP to handle? And if an LLP is handling a matter in which a complex issue arises, what should an LLP and client do?","C.R.C.P. 207.1 has certain exclusions to an LLP’s scope of practice relating to complex legal issues. Also, Colo. LLP RPC 1.1 requires an LLP to ensure they are competent to represent the client on the matter at hand. Therefore, if an LLP is not competent to represent their client regarding a complex issue, the LLP is required to advise their client to seek advice or assistance from an attorney. Even if an LLP cannot handle a complex issue within a matter, C.R.C.P. 207.1(i) allows an LLP to continue to represent the client with respect to services an LLP is authorized to offer. A client may decide to retain an attorney for issues outside the scope of what an LLP can offer, and attorneys and LLP may work in tandem. If there are tasks or issues in the case that the LLP cannot address, the party’s options are to: (1) hire an attorney to address those issues while continuing to be represented by the LLP; (2) hire an attorney to replace the LLP; or (3) proceed by self-representation on the matters that are beyond the LLP’s allowable scope of practice, with or without the continued assistance of the LLP, as authorized.","","",""
"2C. Can an LLP handle a matter involving testimony?","Yes. C.R.C.P. 207.1 no longer restricts an LLP’s ability to elicit testimony from any witness. An LLP’s permissible activities include, under C.R.C.P. 207.1(g)(xiii) “standing or sitting at counsel table with the client during a court proceeding, communicating with the client during the proceeding, making statements, making offers of proof, examining any witness, making arguments and objections in court, answering questions posed by the court, addressing the court, taking notes, and assisting the client in understanding the proceeding and relevant orders[.]” While C.R.C.P. 207.1 does not specifically address depositions, LLPs’ ability to examine witnesses is not confined to courtrooms. Rule 207.1 also includes this Comment: “Descriptions of an LLP’s authorized scope of practice within this rule should be liberally construed to include all ordinary and reasonable actions within an authorized scope of practice, including procedural steps that are permitted by the Rules of Civil Procedure and are not expressly prohibited under this rule.”","","",""
"2D.  Are LLPs allowed to draft and file pleadings or motions without using the JDF forms?","Yes. C.R.C.P. 207.1(g)(iv) includes “preparing and completing documents using forms or templates approved by the Judicial Department or the Supreme Court or generally accepted by Colorado courts having jurisdiction over the matter, including proposed parenting plans, separation agreements, motions or stipulations for establishing or modifying child support, child support worksheets, proposed orders, nonappearance affidavits, discovery requests and answers to discovery requests, trial management certificates, pretrial submissions, and exhibit and witness lists…”  While a good practice is for an LLP to use JDF forms to ensure they will be accepted by the court, an LLP also can draft or rely on templates that have been previously accepted by courts which have the necessary elements for acceptance.","","",""
"2E. Can LLPs do other tasks or file other actions or motions other than those specifically listed in C.R.C.P. 207.1?","Yes. The Comment to C.R.C.P. 207.1 states: “Descriptions of an LLP’s authorized scope of practice within this rule should be liberally construed to include all ordinary and reasonable actions within an authorized scope of practice, including procedural steps that are permitted by the Rules of Civil Procedure and are not expressly prohibited under this rule.”","","",""
"3. What are LLPs prohibited from doing?","lists the types of discrete issues that an LLP cannot handle by themselves, and for those situations, a client needs to obtain the services of a licensed attorney or must handle the matter by themselves. An LLP still can assist in such situations under the supervision of a licensed attorney.","Here is the list of discrete issues outside the authorized scope of an LLP’s practice of law:","C.R.C.P. 207.1","https://www.coloradolegalregulation.com/future-lawyers/rulesgoverningadmissions/"
"4. What are LLPs able to do in court?","In addition to entering an appearance and filing pleadings and other documents in a court proceeding, LLPs are allowed to represent their clients in court hearings just like an attorney. They are able to speak in court, explain their client’s position, and tender exhibits. LLPs can examine and cross-examine witnesses, make offers of proof, object to the testimony of witnesses, and make legal arguments.","Under the LLP , LLPs are required to advise their clients about the limitations on their scope of practice.","ethics rules","https://www.cobar.org/For-Members/Opinions-Rules-Statutes/Legal-Paraprofessional-Rules-of-Professional-Conduct"
"5. How do members of the public know whether the legal professional is an LLP or a lawyer?","Under the , LLPs are required to identify themselves as such, including that they have only a limited license, in all advertising. LLPs also need to use the LLP designation in all court filings.  LLPs have six-digit registration numbers beginning with the number 6 (attorneys have five-digit registration numbers).","LLPs need to complete annual registration and comply with applicable continuing legal education requirements. Failure to do so will result in an administrative suspension of their licenses.","LLP ethics rules","https://www.cobar.org/For-Members/Opinions-Rules-Statutes/Legal-Paraprofessional-Rules-of-Professional-Conduct"
"6. For LLPs considering a solo practice or a firm with other LLPs, what do they need to do to ensure that they comply with Colo. LLP RPC 7.1(b)?","Pursuant to Colo. LLP , an LLP in a firm without lawyers must use the words “Licensed Legal Paraprofessional(s)” in the firm name.   LLPs also must not make a false or misleading communication about the LLP or the LLP’s services, which may require the assertion or disclosure of facts or statements to avoid materially misleading the public.  .  Therefore, an LLP could use the phrase “Licensed Legal Paraprofessional” or “Licensed Legal Paraprofessionals” in the firm name, but may need to disclose whether the LLP practices alone or with others on the LLP’s website or other advertising materials in order to avoid misleading the public if the number of practitioners appears to be inconsistent with the firm name.  While an LLP-only firm must include “Licensed Legal Paraprofessional(s)” in the business name, those precise words are not required to be included within the firm’s website URL or email address.","See","RPC 7.1(b)","https://www.cobar.org/For-Members/Opinions-Rules-Statutes/Legal-Paraprofessional-Rules-of-Professional-Conduct"
"7. How does someone qualify for licensure to become an LLP?","sets forth the requirements for licensure. All applicants must pass a family law exam and a legal ethics exam administered by the Office of LLP Admissions of the Colorado Supreme Court after having taken a legal ethics class. The legal ethics class may be taken within a degree program or as a stand-alone class. Please note that most professional responsibility courses taken as part of a paralegal degree or certification do not meet the requirements of the rule. The Community College of Denver is offering an LLP-specific ethics class, which can be taken remotely – please clickfor more information. Applicants also must satisfy character and fitness requirements and take the Office of Attorney Regulation Counsel professionalism course.","There is a set of educational options as well as an experience option for an interested person to become eligible to sit for the exams. There are six different types of degrees set forth at C.R.C.P. 207.8(3) that can qualify. Regardless of whether applying via the education or work-experience path, all Colorado LLP applicants must demonstrate substantive law-related practical experience, including experience in Colorado family law, within the three years immediately preceding the date of submitting the LLP application. The LLP Committee has issued  as to how applicants can demonstrate that their work experience qualifies. A certification from a licensed attorney as to applicants’ completion of work experience is necessary.","C.R.C.P. 207.8","https://www.coloradolegalregulation.com/future-lawyers/rulesgoverningadmissions/"
"8. What happens if an LLP violates the ethical rules applicable to LLPs?","Under the program, LLPs are required to abide by the , modeled after those that apply to licensed attorneys. For example, LLPs must comply with confidentiality rules, conflict rules, court conduct rules, and money-handling rules just like licensed attorneys do.","If anyone believes that misconduct under those rules has occurred, that person can file a complaint with the Office of Attorney Regulation Counsel, which would follow attorney discipline and disability procedural rules to review the complaint. Serious misconduct could result in suspension or disbarment just as it would for licensed attorneys.","LLP Rules of Professional Conduct","https://www.cobar.org/For-Members/Opinions-Rules-Statutes/Legal-Paraprofessional-Rules-of-Professional-Conduct"
"9. What material is covered on the LLP exams?","The exams are based on  that a competent LLP is expected to know. Sample exam questions and more information on format are available on the LLP Admissions website.","","core competencies","https://www.coloradolegalregulation.com/PDF/LLP/Final%20Updated%20Core%20Competencies%20Amended%208-18-2025.pdf"
"10. How does someone apply to become an LLP, and what can someone be doing to prepare for the application process?","The Office of LLP Admissions, housed within the Office of Attorney Admissions, has made an application available and publicizes deadlines at its . Interested individuals may wish to assemble academic and employment records so they will be available during the application process. Interested individuals also may wish to review the core competencies a working group developed to establish competency standards for LLPs.","","website","https://www.coloradolegalregulation.com/future-lawyers/llpexamination/"
"11. How much can LLPs charge clients? Can LLPs provide services to any client regardless of their income or assets?","There is not any cap on the fees LLPs charge clients, or any income or asset restrictions on the type of client LLPs serve. However, limitations on an LLP’s scope of practice are likely to lead to LLPs serving mostly moderate income rather than higher income clients. Higher income or higher asset clients generally often have more complex matters that need the assistance of an attorney. As with attorneys, market forces will be the most significant factor in the rates LLPs charge clients. In states with similar programs, LLPs typically charge hourly rates ranging from a quarter to a half that of attorneys.","","",""
"12. What does it cost to become an LLP?","The cost to become an LLP will depend in part on an individual’s educational path and whether they can meet the eligibility requirements through experience alone. Most applicants will need to take an ethics course for LLPs that is a prerequisite to being allowed to sit for the LLP exam; currently the only approved LLP ethics course is through Denver Community College. All applicants are charged an application fee to help cover the cost of the exam, and once admitted LLPs will have to pay an annual registration fee and certain costs associated with continuing legal education. The timely exam application fee is $710; that does not include the state fingerprint fee for obtaining a criminal history.  The annual registration fee currently is set at $190 a year for the first three years of practice and $395 each year after that.","","",""
"13. Is malpractice insurance required for LLPs?","LLPs are not required to carry malpractice insurance, since Colorado licensed attorneys are currently not required to have malpractice insurance. However, LLPs are required to publicly disclose whether they carry malpractice insurance as part of their annual registration.","","",""
"14. How will Judicial Officers be trained about this program?","Judicial officers are receiving training at the statewide judicial conference, the statewide domestic relations and probate judicial conference and other virtual training to learn about the LLPs program. There is also an LLP chapter included in the .","","Colorado Bar Association 2025 Bench Bar Book","https://cle.cobar.org/Books/Product-Info/productcd/ZDRBB_FORMATS?srsltid=AfmBOooIzZzYOS85nfHf4tBfsOtY56Jh0_1p3ebxss799eVBWCb36gnn"