video_id,case_number,title,case_name,upload_date,decided_date,disposition,ruling_lean,ruling_lean__confidence,ruling_lean_correct,skepticism_gap,appellant_hostile_mass,appellee_hostile_mass,bench_posture_toward_trial_court,panel_judges,author,is_pca,has_dissent,trial_judge,county,duration_sec,view_count,url,cl_url,n_words,n_turns,has_both_sides,turns_coarse,pct_role_guessed,_est_tokens,_truncated,transcript_sufficient,is_oral_argument,bench_skepticism_toward_appellant,bench_skepticism_toward_appellant__confidence,bench_skepticism_toward_appellant__p0,bench_skepticism_toward_appellant__p1,bench_skepticism_toward_appellant__p2,bench_skepticism_toward_appellant__p3,bench_skepticism_toward_appellant__p4,bench_skepticism_toward_appellant__modal,bench_skepticism_toward_appellant__bimodal,bench_skepticism_toward_appellee,bench_skepticism_toward_appellee__confidence,bench_skepticism_toward_appellee__p0,bench_skepticism_toward_appellee__p1,bench_skepticism_toward_appellee__p2,bench_skepticism_toward_appellee__p3,bench_skepticism_toward_appellee__p4,bench_skepticism_toward_appellee__modal,bench_skepticism_toward_appellee__bimodal,ruling_lean__p_affirm,ruling_lean__p_mixed_or_unclear,ruling_lean__p_reverse,panel_disagreement,bench_says_issue_unraised,bench_raises_jurisdiction,bench_says_appellant_counsel_not_answering,bench_says_appellee_counsel_not_answering,appellant_concedes_point,appellee_concedes_point,bench_remarks_on_pro_se_status,bench_remarks_on_pro_se_filing_quality,bench_posture_toward_trial_court__confidence,bench_posture_toward_trial_court__p_not_discussed,bench_posture_toward_trial_court__p_critical,bench_posture_toward_trial_court__p_deferential,bench_posture_toward_trial_court__p_neutral,_input_tokens,_request_id,_eval_ms,_model,decision_found,disposition_text,per_curiam,dissenting_judges,has_special_concurrence,appellant_counsel,appellee_counsel
-3Iq2j28nx4,6D2024-0407,"Oral Argument - August 14, 2025 - Case # 24-0407","AC & JL HOLDINGS, INC. VS JOSEPH LEVY, KEVIN BLAIWEISS, YOUDA DEVELOPMENT LLC, SUNCOAST DEVELOPMENT FL, INC., SUNCOAST DEVELOPMENT FL, LLC, KJL DEVELOPMENT LLC, CIJ, LLC, NEWPORT JL INVESTMENTS, LLC ET AL",20250815,2025-09-05,mixed,reverse,0.19,True,0,0.55,0.58,critical,Mize,Mize,False,False,,,3370,98,https://www.youtube.com/watch?v=-3Iq2j28nx4,,10453,256,True,False,78.1,14311,False,0.95,0.99,2.55,0.6,0.01,0,0.44,0.53,0.02,3,False,2.57,0.63,0.01,0,0.41,0.57,0.01,3,False,0.36,0.19,0.45,0.2,0.55,0.02,0.9,0.6,0.87,0.76,0.02,0.09,0.89,0.01,0.92,0.01,0.06,18293,gen-dec-1789799809-sbbit6An0T7qygq3x4Sh,,typesafe/jev-1.13-20260917,True,Affirmed in Part/Reversed in Part; and Remanded for further proceedings.,False,,False,,
1SPxGjMFZP0,6D2024-2391,Oral Argument 08/13/2026 #case 24-2391,ROBERT D. SWIFT v. JENNIFER L. POITRAS,20260813,2026-09-10,mixed,reverse,0.32,True,0,0.04,0.09,deferential,,,False,True,,,2602,100,https://www.youtube.com/watch?v=1SPxGjMFZP0,,7157,69,False,False,65.2,9861,False,0.92,0.98,1.98,0.91,0.02,0.01,0.93,0.04,0,2,False,1.58,0.49,0.19,0.13,0.59,0.09,0,2,False,0.08,0.37,0.55,0.4,0.64,0.03,0.3,0.34,0.68,0.47,0.02,0.13,0.83,0,0.09,0.88,0.03,11271,gen-dec-1789799809-ljOkC8gkHyQydNxgkgzc,,typesafe/jev-1.13-20260917,True,Affirmed in Part; Reversed in Part; and Remanded.,False,,True,,
2bYX4P8mjlM,6D2023-3011,"Oral Argument September 11, 2025 Case # 23-3011","CBRE, INC. v. DIDIERGROUP, LLC, BLAKE PLUMLEY, CAPITAL PURSUITS, LLC and RISON CORNERS PROPERTY, LLC",20250912,2026-03-13,mixed,affirm,0.12,False,0,0.08,0.25,neutral,Nardella,Nardella,False,False,,,2593,152,https://www.youtube.com/watch?v=2bYX4P8mjlM,,7715,102,True,False,72.5,10615,False,0.91,0.98,1.9,0.78,0.07,0.05,0.8,0.08,0,2,False,2.14,0.7,0.05,0.02,0.6799999999999999,0.25,0,2,False,0.41,0.37,0.22,0.33,0.97,0.04,0.35,0.46,0.74,0.65,0.02,0.06,0.27,0.06,0.09,0.39,0.46,11968,gen-dec-1789799809-URZ55MjgWTBgTaWNOTIG,,typesafe/jev-1.13-20260917,True,"Affirmed in Part, Reversed in part, and Remanded for further proceedings.",False,,False,,
376q1aqBXJY,6D2023-1658,"Oral Argument - April 15, 2025 - Case # 23-1658","WILLIAM P. BATTAGLIA, INDIVIDUALLY, AND AS CO-TRUSTEE OF THE S.C. BATTAGLIA IRREVOCABLE TRUST DATED VS ROBERT E. BATTAGLIA, INDIVIDUALLY, AND AS CO-TRUSTEE OF THE S.C. BATTAGLIA IRREVOCABLE TRUST DATED",20250421,2025-12-23,mixed,reverse,0.89,True,-1,0.49,0.61,critical,,,False,False,,,2530,81,https://www.youtube.com/watch?v=376q1aqBXJY,,7744,1,False,True,0.0,10654,False,0.95,0.98,2.45,0.53,0.02,0.01,0.48,0.47,0.02,2,False,2.57,0.52,0.05,0.01,0.33,0.54,0.07,3,False,0.02,0.06,0.92,0.39,0.4,0.26,0.53,0.59,0.74,0.67,0.02,0.09,0.73,0.01,0.79,0.04,0.16,10894,gen-dec-1789799809-6QGFcgndsQq3RUiXJrUq,,typesafe/jev-1.13-20260917,True,AFFIRMED in Part; REVERSED in Part; and REMANDED with directions.,True,,False,,
3GCMhsLzBQ4,6D2024-2486,Oral Argument 02/12/2026-Case # 24-2486,"JOANYS OLIVERA v. NAPLES GOLF AND BEACH CLUB, INC. d/b/a NAPLES BEACH HOTEL AND GOLF CLUB",20260212,2026-02-17,affirm,affirm,0.56,True,1,0.51,0.17,deferential,,,True,False,,,2149,69,https://www.youtube.com/watch?v=3GCMhsLzBQ4,,6965,185,True,False,74.6,9602,False,0.95,0.98,2.51,0.58,0,0,0.49,0.5,0.01,3,False,1.99,0.71,0.08,0.03,0.72,0.17,0,2,False,0.71,0.14,0.15,0.49,0.1,0.02,0.75,0.52,0.76,0.57,0.02,0.03,0.88,0.02,0.04,0.9,0.04,12329,gen-dec-1789799809-FgPHDXIAPp3yHlMNoQcf,,typesafe/jev-1.13-20260917,True,Affirmed PCA,True,,False,,
4-7dxZsMSek,,"March 24, 2026 *LAW DAY*",,20260324,,,affirm,0.4,,0,0.02,0.02,deferential,,,,,,,2614,106,https://www.youtube.com/watch?v=4-7dxZsMSek,,7008,79,True,False,51.9,9660,False,0.94,0.98,1.66,0.68,0.11,0.15,0.72,0.02,0,2,False,1.42,0.48,0.25,0.11,0.62,0.02,0,2,True,0.6,0.19,0.21,0.64,0.79,0.04,0.11,0.19,0.6,0.87,0.02,0.04,0.44,0,0.16,0.58,0.26,10625,gen-dec-1789799809-aAoQjzqBNihPdaVociWJ,,typesafe/jev-1.13-20260917,False,,,,,,
43vl9D7NArY,6D2024-1898,Oral Argument 03/19/2026 Case #24 1898,BRADLEY GEISE AND SARAH GEISE v. PETER FLECK KARI FLECK,20260319,2026-04-02,affirm,affirm,0.12,True,0,0.09,0.08,critical,Pratt,Pratt,False,False,,,2328,130,https://www.youtube.com/watch?v=43vl9D7NArY,,6767,103,True,False,68.9,9335,False,0.93,0.96,2.06,0.89,0.01,0.01,0.89,0.09,0,2,False,1.84,0.72,0.1,0.05,0.77,0.08,0,2,False,0.41,0.24,0.35,0.49,0.19,0.04,0.35,0.3,0.81,0.74,0.06,0.05,0.36,0,0.52,0.35,0.13,10909,gen-dec-1789799809-kxyWiiQ4asFj2KweMXDL,,typesafe/jev-1.13-20260917,True,Affirmed. CONFLICT CERTIFIED.,False,,False,,
4t8zeX0kzBk,6D2023-3362,Oral Argument   12 17 2024 Case # 23 3362,JOHNCY SYLVAINCE VS STATE OF FLORIDA,20250124,2025-04-04,mixed,reverse,0.32,True,-1,0.38,0.52,neutral,,,False,False,,,2960,374,https://www.youtube.com/watch?v=4t8zeX0kzBk,,8369,1,False,True,0.0,11498,False,0.92,0.99,2.37,0.64,0.01,0.01,0.6,0.36,0.02,2,False,2.55,0.55,0.01,0.01,0.46,0.48,0.04,3,False,0.22,0.23,0.55,0.36,0.84,0.02,0.62,0.51,0.79,0.85,0.02,0.09,0.33,0.17,0.18,0.15,0.5,10932,gen-dec-1789799809-nvnvzcV0ICxGwlcVMBYE,,typesafe/jev-1.13-20260917,True,Affirmed in Part/Reversed in Part; and remanded with instructions,False,,False,,
4vu7dC_tE18,6D2024-2811,Oral Argument 06/02/2026 Case #24-2811,,20260602,,,affirm,0.27,,0,0.3,0.24,neutral,,,,,,,2538,118,https://www.youtube.com/watch?v=4vu7dC_tE18,,7244,116,True,False,54.3,9979,False,0.95,0.98,2.29,0.73,0.01,0,0.69,0.3,0,2,False,2.19,0.75,0.02,0.01,0.73,0.24,0,2,False,0.52,0.29,0.19,0.45,0.65,0.03,0.37,0.38,0.74,0.67,0.02,0.03,0.1,0.27,0.26,0.15,0.32,11697,gen-dec-1789799809-wPitnux10aWToO5o9rgZ,,typesafe/jev-1.13-20260917,False,,,,,,
5XTQAoLNg4I,6D2024-0717,Oral Argument 01/22/2026-Case # 24-0717,"WERKNRUST, INC. VS GEICO INDEMNITY COMPANY",20260122,2026-01-27,affirm,affirm,0.44,True,2,0.21,0.01,deferential,,,True,False,,,1922,50,https://www.youtube.com/watch?v=5XTQAoLNg4I,,4833,65,True,False,76.9,6724,False,0.9,0.98,2.09,0.73,0.04,0.03,0.72,0.2,0.01,2,False,0.8,0.33,0.47,0.27,0.25,0.01,0,0,True,0.63,0.19,0.18,0.44,0.97,0.04,0.32,0.15,0.71,0.56,0.02,0.14,0.67,0,0.2,0.75,0.05,8118,gen-dec-1789799809-NuEaVkQGErw9tRStw6WV,,typesafe/jev-1.13-20260917,True,Affirmed PCA,True,,False,,
5diMLt-HhSE,6D2023-1050,"Oral Argument - April 17, 2025 - Case # 23-1050","SFR SERVICES, LLC, A/A/O JOHN & ROSE ZAPISEK VS FLORIDA DEPARTMENT OF FINANCIAL SERVICES, O/B/O AVATAR PROPERTY AND CASUALTY",20250421,2025-05-16,mixed,affirm,0.85,False,0,0.75,0.6,deferential,,,False,True,,,2276,159,https://www.youtube.com/watch?v=5diMLt-HhSE,,6088,1,False,True,0.0,8418,False,0.94,0.98,2.8,0.74,0,0,0.25,0.7,0.05,3,False,2.59,0.53,0.04,0.01,0.34,0.53,0.07,3,False,0.9,0.06,0.04,0.48,0.94,0.1,0.74,0.69,0.65,0.52,0.03,0.18,0.45,0,0.3,0.59,0.11,8858,gen-dec-1789799809-KqAj4fYSunJg7VgIDzv0,,typesafe/jev-1.13-20260917,True,Reversed in part; Dismissed in part; and Remanded.,False,,False,,
5y46zsxFVJI,6D2023-3308,"Oral Argument   September 4, 2025 Cases # 23 3308",SHEILA  PIERRE VS STATE OF FLORIDA,20250905,2025-09-16,affirm,affirm,0.3,True,-1,0.25,0.6,critical,,,True,False,,,3125,177,https://www.youtube.com/watch?v=5y46zsxFVJI,,9556,124,True,False,65.3,13100,False,0.95,0.99,2,0.58,0.12,0.02,0.61,0.24,0.01,2,False,2.61,0.62,0.01,0,0.39,0.57,0.03,3,False,0.54,0.1,0.36,0.66,0.95,0.02,0.49,0.64,0.56,0.76,0.02,0.05,0.5,0.01,0.62,0.29,0.08,14457,gen-dec-1789799809-5Hu9PmkAf0xAHOVMZGld,,typesafe/jev-1.13-20260917,True,Affirmed PCA,True,,False,,
765U0wBjdIU,6D2024-0548,"Oral Argument - May 22, 2025 - Case #24-0548","FLORIDA ASSOCIATION OF REALTORS, D/B/A FLORIDA REALTORS, AND VS ORANGE COUNTY, FLORIDA AND BILL COWLES, IN HIS OFFICIAL CAPACITY AS ORANGE",20250530,2025-06-13,reverse,reverse,0.35,True,0,0.01,0.14,critical,Wozniak,Wozniak,False,False,,,2622,106,https://www.youtube.com/watch?v=765U0wBjdIU,,7024,1,False,True,0.0,9682,False,0.94,0.98,1.46,0.53,0.22,0.12,0.65,0.01,0,2,True,2.07,0.82,0.02,0.03,0.8,0.14,0,2,False,0.12,0.32,0.56,0.48,0.23,0.08,0.13,0.17,0.6,0.48,0.02,0.05,0.41,0,0.56,0.12,0.32,10014,gen-dec-1789799809-jCRhFH5jpKutbI1LfVnM,,typesafe/jev-1.13-20260917,True,Reversed and Remanded for further proceedings.,False,,False,,
7na9n0fBIuo,6D2025-0018,Oral Argument 06/23/2026 Case # 25-0018,,20260624,,,affirm,0.25,,0,0.14,0.15,critical,,,,,,,2467,62,https://www.youtube.com/watch?v=7na9n0fBIuo,,7234,140,True,False,65.7,9965,False,0.94,0.98,1.86,0.66,0.12,0.03,0.71,0.14,0,2,False,2.11,0.83,0.01,0.02,0.81,0.15,0,2,False,0.5,0.3,0.2,0.44,0.87,0.18,0.31,0.47,0.54,0.66,0.02,0.17,0.72,0,0.79,0.17,0.04,12287,gen-dec-1789799809-61mbVNZjdiKFV8oU9vdk,,typesafe/jev-1.13-20260917,False,,,,,,
82e3FtNWASQ,6D2023-4088,Oral Argument - 5/13/2025 - Case # 23-4088,GENNA BRUGAL VS CITY OF NAPLES,20250530,2025-08-01,reverse,reverse,0.75,True,-3,0.18,0.77,critical,,,False,False,,,2569,78,https://www.youtube.com/watch?v=82e3FtNWASQ,,7399,1,False,True,0.0,10188,False,0.93,0.98,1.33,0,0.4,0.07,0.35,0.18,0,0,True,2.76,0.8,0,0,0.23,0.77,0,3,False,0.03,0.14,0.83,0.66,0.82,0.09,0.44,0.57,0.71,0.68,0.02,0.07,0.66,0,0.74,0.02,0.24,10150,gen-dec-1789799809-iyqfC4lbZISBCQQsEcvt,,typesafe/jev-1.13-20260917,True,Reversed and Remanded for further proceedings.,False,,False,,
AcIUM7iWsDc,6D2023-3421,"Law Day - March 25, 2025 - Case # 23-3421",,20250401,,,affirm,0.31,,0,0.17,0.16,neutral,,,,,,,2492,320,https://www.youtube.com/watch?v=AcIUM7iWsDc,,7339,1,False,True,0.0,10107,False,0.94,0.98,2,0.71,0.07,0.04,0.72,0.17,0,2,False,1.99,0.72,0.06,0.05,0.73,0.16,0,2,False,0.54,0.19,0.27,0.26,0.94,0.19,0.39,0.4,0.56,0.58,0.02,0.05,0.22,0.01,0.4,0.17,0.42,9568,gen-dec-1789799809-kvZmXosHYMuzaRFl7Stw,,typesafe/jev-1.13-20260917,False,,,,,,
AvALKhBQPM8,6D2023-4292,"Oral Argument - March 27, 2025 Case # 23-4292 & 23-4293","MICHAEL JAYSON LIPSEY VS SCOTT FRANCIS, DERIVATIVELY ON BEHALF OF PARKWAY PROPERTY INVESTMENTS, LLC AND JAMES HEISTAND",20250421,2025-03-31,affirm,reverse,0.31,False,0,0.32,0.33,critical,,,True,False,,,3176,163,https://www.youtube.com/watch?v=AvALKhBQPM8,,9319,1,False,True,0.0,12780,False,0.96,0.98,2.21,0.62,0.05,0.02,0.61,0.31,0.01,2,False,2.14,0.55,0.08,0.04,0.55,0.31,0.02,2,False,0.17,0.29,0.54,0.81,0.93,0.04,0.6,0.63,0.82,0.79,0.02,0.08,0.8,0.08,0.85,0.01,0.06,12362,gen-dec-1789799810-DWWXKjgBkuOlMMPduYgj,,typesafe/jev-1.13-20260917,True,Affirmed PCA,True,,False,,
CFGCeVFcrfE,6D2024-0237,"Oral Argument - December 9, 2025 - Case # 24-0237",PAUL GERARD FAHERTY VS STATE OF FLORIDA,20251209,2025-12-16,affirm,affirm,0.46,True,0,0.16,0.22,critical,,,True,False,,,2425,152,https://www.youtube.com/watch?v=CFGCeVFcrfE,,7732,96,True,False,60.4,10638,False,0.94,0.98,2.12,0.84,0.01,0.01,0.82,0.16,0,2,False,1.8,0.46,0.19,0.04,0.55,0.22,0,2,False,0.63,0.29,0.08,0.44,0.6,0.87,0.61,0.26,0.55,0.51,0.04,0.09,0.18,0,0.39,0.32,0.29,11957,gen-dec-1789799809-wErQIi11lCNAXCI0ap6X,,typesafe/jev-1.13-20260917,True,Affirmed PCA,True,,False,,
CO8-gFcpLP8,6D2024-1028,"Oral Argument - December 4, 2025 - Case # 24-1028",,20251204,,,reverse,0.51,,0,0.42,0.42,critical,,,,,,,2547,88,https://www.youtube.com/watch?v=CO8-gFcpLP8,,6661,114,True,False,71.1,9192,False,0.9,0.98,2.34,0.43,0.06,0.04,0.48,0.33,0.09,2,False,2.41,0.64,0.01,0,0.57,0.42,0,2,False,0.22,0.1,0.68,0.24,0.96,0.03,0.53,0.39,0.68,0.61,0.03,0.15,0.72,0,0.8,0.1,0.1,10925,gen-dec-1789799809-vQT9ficX5NI5d52qHWLb,,typesafe/jev-1.13-20260917,False,,,,,,
E6awepf3KRw,6D2023-3618,"Oral Argument - June 19, 2025 - Case # 23-3618",,20250620,,,reverse,0.36,,0,0.07,0.19,critical,,,,,,,2769,180,https://www.youtube.com/watch?v=E6awepf3KRw,,8141,1,False,True,0.0,11190,False,0.94,0.99,1.89,0.79,0.07,0.04,0.82,0.07,0,2,False,2.09,0.75,0.04,0.03,0.74,0.19,0,2,False,0.14,0.29,0.57,0.44,0.98,0.04,0.25,0.28,0.69,0.65,0.02,0.04,0.24,0.03,0.43,0.17,0.37,11329,gen-dec-1789799810-GXOX0ibDWzY95Vve8ify,,typesafe/jev-1.13-20260917,False,,,,,,
EJche7zBVbQ,6D2024-1464,Oral Argument 3/10/26 Case #24-1464,"PUBLIX SUPER MARKETS, INC. v. THE CHARTER OAK FIRE INSURANCE COMPANY, TRI-COUNTY SWEEPING SERVICES, INC., and TRAVELERS PROPERTY CASUALTY COMPANY OF AMERICA",20260311,2026-03-17,affirm,affirm,0.85,True,2,0.26,0.05,critical,,,True,False,,,2111,109,https://www.youtube.com/watch?v=EJche7zBVbQ,,5868,51,True,False,62.7,8121,False,0.95,0.98,2.26,0.77,0,0,0.74,0.26,0,2,False,0.57,0.52,0.66,0.16,0.13,0.05,0,0,False,0.9,0.04,0.06,0.1,0.88,0.16,0.6,0.12,0.62,0.34,0.01,0.06,0.41,0.01,0.56,0.08,0.35,8876,gen-dec-1789799809-KZLxkfuPZEyaFRdcsORE,,typesafe/jev-1.13-20260917,True,Affirmed PCA,True,,False,,
EO_N4rI0nJE,6D2024-1622,"Oral Argument - December 11, 2025 - Case # 24-1622",CITIZENS PROPERTY INSURANCE CORPORATION v. MELINDA LOONEY and ROBERT LOONEY,20251211,2025-12-16,affirm,affirm,0.27,True,0,0.29,0.21,deferential,,,True,False,,,2059,79,https://www.youtube.com/watch?v=EO_N4rI0nJE,,6129,31,True,False,29.0,8474,False,0.94,0.98,2.28,0.74,0.01,0,0.7,0.29,0,2,False,2.02,0.67,0.07,0.05,0.67,0.2,0.01,2,False,0.51,0.18,0.31,0.37,0.78,0.03,0.26,0.2,0.52,0.52,0.02,0.04,0.85,0,0.06,0.9,0.04,9400,gen-dec-1789799865-FdE6uh148iB1d4F0a7v4,,typesafe/jev-1.13-20260917,True,Affirmed PCA,True,,False,,
EYit8MQotf4,6D2023-4106,"Oral Argument - October 23, 2025 - Case # 23-4106","ELISAMUEL CABALLERO-QUINONES VS KYLE T. WILDER, WILDER OUTDOORS LLC AND SHERIFF GRADY C. JUDD IN HIS OFFICIAL CAPACITY AS SHERIFF OF POLK COUNTY, FLORIDA",20251023,2026-04-17,reverse,reverse,0.65,True,-3,0.01,0.61,deferential,Mize,Mize,False,False,,,2657,66,https://www.youtube.com/watch?v=EYit8MQotf4,,7467,174,True,False,77.0,10280,False,0.95,0.98,1.01,0.17,0.44,0.12,0.43,0.01,0,0,True,2.57,0.63,0.01,0,0.38,0.61,0,3,False,0.1,0.13,0.77,0.37,0.78,0.05,0.44,0.79,0.69,0.84,0.01,0.03,0.4,0,0.25,0.55,0.2,12745,gen-dec-1789799809-9NKq3aebyQz0RBvVDhef,,typesafe/jev-1.13-20260917,True,Reversed and Remanded; CONFLICT CERTIFIED.,False,,False,,
FIJ0B51HozA,6D2023-4087,"Oral Argument - April 15, 2025 - Case # 23-4087",JACE STEVEN GIPSON VS STATE OF FLORIDA,20250421,2025-12-30,affirm,affirm,0.67,True,1,0.64,0.48,critical,,,True,False,,,2686,145,https://www.youtube.com/watch?v=FIJ0B51HozA,,8477,1,False,True,0.0,11643,False,0.93,0.98,2.84,0.53,0,0,0.36,0.44,0.2,3,True,2.57,0.31,0.05,0.04,0.43,0.26,0.22,2,True,0.78,0.16,0.06,0.36,0.9,0.03,0.88,0.88,0.77,0.48,0.85,0.31,0.47,0,0.6,0.29,0.11,11512,gen-dec-1789799809-gxgWcEzrDgRdvzATmY5G,,typesafe/jev-1.13-20260917,True,Affirmed PCA,True,,False,,
FLpNJP95WVQ,6D2023-1658,"Oral Argument - December 11, 2025 - Case # 23-1658","WILLIAM P. BATTAGLIA, INDIVIDUALLY, AND AS CO-TRUSTEE OF THE S.C. BATTAGLIA IRREVOCABLE TRUST DATED VS ROBERT E. BATTAGLIA, INDIVIDUALLY, AND AS CO-TRUSTEE OF THE S.C. BATTAGLIA IRREVOCABLE TRUST DATED",20251211,2025-12-23,mixed,reverse,0.65,True,0,0.28,0.1,deferential,,,False,False,,,2158,127,https://www.youtube.com/watch?v=FLpNJP95WVQ,,6496,123,True,False,69.9,8969,False,0.93,0.98,2.12,0.62,0.07,0.01,0.64,0.28,0,2,False,1.29,0.24,0.36,0.09,0.45,0.1,0,2,True,0.1,0.13,0.77,0.53,0.95,0.03,0.56,0.4,0.73,0.37,0.02,0.05,0.3,0.02,0.31,0.47,0.2,10950,gen-dec-1789799809-NAs2HOKcDkFbEbjXHZ9U,,typesafe/jev-1.13-20260917,True,AFFIRMED in Part; REVERSED in Part; and REMANDED with directions.,True,,False,,
FnsQ811yxks,6D2025-0045,Oral Argument Case # 25-0045,,20260918,,,affirm,0.72,,1,0.09,0.04,not_discussed,,,,,,,1447,23,https://www.youtube.com/watch?v=FnsQ811yxks,,3200,19,True,False,47.4,4520,False,0.93,0.98,2.07,0.91,0.01,0,0.9,0.09,0,2,False,1.07,0.56,0.23,0.52,0.21,0.04,0,1,True,0.81,0.11,0.08,0.16,0.13,0.03,0.2,0.06,0.6,0.39,0.02,0.09,0.33,0.5,0.14,0.13,0.23,5486,gen-dec-1789799809-dLJyuLoCwVwe0KHDLUfp,,typesafe/jev-1.13-20260917,False,,,,,,
HLnISSm7Dqo,,"6DCA - Oral Argument March 2, 2023",,20230317,,,mixed_or_unclear,0.25,,0,0.08,0.08,critical,,,,,,,4193,257,https://www.youtube.com/watch?v=HLnISSm7Dqo,,10943,1,False,True,0.0,14973,False,0.92,0.98,1.95,0.82,0.04,0.05,0.83,0.08,0,2,False,1.88,0.77,0.05,0.09,0.78,0.08,0,2,False,0.18,0.5,0.32,0.26,0.91,0.04,0.26,0.24,0.63,0.66,0.02,0.07,0.42,0.01,0.56,0.14,0.28,13540,gen-dec-1789799809-XNS7DXx25hempWK4g6Nt,,typesafe/jev-1.13-20260917,False,,,,,,
IhFmX-5F9Tk,6D2024-2647,"October 16, 2025 - Case #24-2647","ORANGE COUNTY, FLORIDA v. STEPHANIE KENNEDY",20251016,2025-10-31,affirm,mixed_or_unclear,0.03,False,0,0.16,0.13,critical,,,False,False,,,2486,90,https://www.youtube.com/watch?v=IhFmX-5F9Tk,,7263,110,True,False,60.0,10005,False,0.94,0.98,2.08,0.8,0.03,0.01,0.8,0.16,0,2,False,2.03,0.81,0.04,0.03,0.8,0.13,0,2,False,0.35,0.36,0.29,0.37,0.92,0.08,0.33,0.5,0.73,0.72,0.02,0.04,0.26,0.01,0.45,0.13,0.41,11358,gen-dec-1789799809-xSHA41tfIGkZgU5t0LxC,,typesafe/jev-1.13-20260917,True,Affirmed,True,,False,,
JN3l7XClO84,6D2023-3516,Oral Argument 05/19/2026 Case #23-3516,"PATRICK KINNEY, BY AND THROUGH STEFANI CEBALLOS, HIS PLENARY VS HOLIDAY CVS, LLC, THE FRED C. MORRISON REVOCABLE TRUST DATED",20260519,2026-05-26,affirm,mixed_or_unclear,0.14,False,0,0.02,0.1,critical,,,True,False,,,2874,88,https://www.youtube.com/watch?v=JN3l7XClO84,,8101,16,False,True,37.5,11136,False,0.95,0.98,1.84,0.83,0.05,0.08,0.85,0.02,0,2,False,1.71,0.58,0.12,0.17,0.61,0.09,0.01,2,False,0.23,0.42,0.35,0.22,0.96,0.05,0.18,0.12,0.74,0.45,0.02,0.04,0.34,0.01,0.5,0.1,0.39,11463,gen-dec-1789799810-aPy90Gb9Rx1NpoPcMuJq,,typesafe/jev-1.13-20260917,True,Affirmed PCA,True,,False,,
Jsy56JRh_QQ,6D2024-1292,"Oral Argument - August 14, 2025 - Case # 24-1292","MICHELLE MASKOLUNAS, AS SPOUSE, SURVIVOR AND PERSONAL REPRESENTATIVE OF THE ESTATE OF MICHAEL MASKOLUNAS v. LAKELAND REGIONAL MEDICAL CENTER INC., D/B/A LAKELAND REGIONAL MEDICAL CENTER, JOHN P. ZETTY, D.O. AND BRUCE MEYERS, M.D.",20250815,2025-09-05,affirm,affirm,0.86,True,0,0.44,0.11,critical,Nardella,Nardella,False,False,,,2417,73,https://www.youtube.com/watch?v=Jsy56JRh_QQ,,6826,100,True,False,66.0,9415,False,0.93,0.98,2.4,0.61,0.02,0,0.54,0.43,0.01,2,False,1.56,0.45,0.21,0.14,0.54,0.1,0.01,2,True,0.91,0.05,0.04,0.31,0.87,0.04,0.63,0.68,0.75,0.58,0.02,0.04,0.23,0.01,0.42,0.26,0.31,10868,gen-dec-1789799810-HeQupypi3u06RuTHZMyv,,typesafe/jev-1.13-20260917,True,Affirmed,False,,False,,
KcxdBSpXDdc,6D2023-1357,"Oral Argument   September 4, 2025 Cases # 23 1357","C.C., FATHER OF L.A., A CHILD VS DEPARTMENT OF CHILDREN AND FAMILIES",20250905,2024-04-04,affirm,affirm,0.31,True,0,0.32,0.15,critical,Wozniak,Wozniak,False,False,,,2422,54,https://www.youtube.com/watch?v=KcxdBSpXDdc,,5986,84,True,False,57.1,8281,False,0.92,0.98,2.26,0.68,0.03,0.01,0.64,0.31,0.01,2,False,1.6,0.42,0.21,0.13,0.51,0.14,0.01,2,True,0.54,0.17,0.29,0.26,0.87,0.05,0.52,0.27,0.79,0.56,0.03,0.26,0.41,0,0.56,0.21,0.23,9882,gen-dec-1789799810-agJV8jntPhq88r721XFb,,typesafe/jev-1.13-20260917,True,Affirmed - Authored Opinion,False,,False,,
KgZfphdnrk8,6D2025-1086,"Oral Argument - September 10, 2026 - Case # 25-1086",,20260914,,,affirm,0.74,,1,0.74,0.44,critical,,,,,,,3810,76,https://www.youtube.com/watch?v=KgZfphdnrk8,,12940,232,True,False,63.4,17669,False,0.95,0.98,2.75,0.76,0,0,0.26,0.72,0.02,3,False,2.42,0.6,0.01,0,0.55,0.44,0,2,False,0.82,0.05,0.13,0.57,0.93,0.02,0.51,0.38,0.78,0.78,0.02,0.07,0.56,0,0.67,0.32,0.01,20051,gen-dec-1789799810-YvpdtF4bZ1hmIKKUK0uI,,typesafe/jev-1.13-20260917,False,,,,,,
KoJbh_mnx2M,6D2024-0858,"Oral Argument - September 18, 2025 - #24-0858",,20250918,,,affirm,0.17,,0,0.03,0.14,critical,,,,,,,2830,71,https://www.youtube.com/watch?v=KoJbh_mnx2M,,7530,109,True,False,53.2,10365,False,0.96,0.98,1.82,0.79,0.07,0.07,0.83,0.03,0,2,False,2.05,0.81,0.03,0.02,0.81,0.14,0,2,False,0.44,0.28,0.28,0.3,0.49,0.04,0.24,0.3,0.71,0.6,0.02,0.05,0.3,0.03,0.48,0.04,0.45,11938,gen-dec-1789799810-Nuqfus5Gl4njTwXM3ddW,,typesafe/jev-1.13-20260917,False,,,,,,
LWTQhKblgxU,6D2024-0478,Oral Argument 02/27/2026 - Case# 24-0478,"DIVERSIFIED LAND MANAGEMENT, LLC VS LUIS A. AGOSTO AND MELISSA ALICEA",20260227,2026-03-20,reverse,reverse,0.41,True,0,0.09,0.14,deferential,Nardella,Nardella,False,False,,,2399,77,https://www.youtube.com/watch?v=LWTQhKblgxU,,7226,83,True,False,62.7,9955,False,0.94,0.96,1.94,0.8,0.05,0.05,0.81,0.09,0,2,False,2.04,0.8,0.03,0.03,0.8,0.14,0,2,False,0.16,0.23,0.61,0.51,0.45,0.02,0.18,0.17,0.54,0.75,0.02,0.03,0.28,0.01,0.14,0.46,0.39,11248,gen-dec-1789799810-KVo8U8UlPQDQ10OPuPKU,,typesafe/jev-1.13-20260917,True,Reversed and Remanded with directions.,False,,False,,
NKN5QgA0E-w,6D2024-0385,"Oral Argument - November 20, 2025 - Case # 24-0385","SECURITY FIRST INSURANCE COMPANY d/b/a SECURITY FIRST FLORIDA v. DOMINICK CINCOTTA and DOMINICK CINCOTTA o/b/o AUREA CINCOTTA, deceased, and COCHRAN INSURANCE, INC.",20251121,2025-12-23,reverse,affirm,0.42,False,0,0.2,0.28,critical,,,False,False,,,2590,77,https://www.youtube.com/watch?v=NKN5QgA0E-w,,7104,195,True,False,71.8,9790,False,0.94,0.98,2.18,0.8,0.01,0.01,0.78,0.2,0,2,False,2.23,0.72,0.02,0.01,0.68,0.28,0,2,False,0.61,0.07,0.32,0.24,0.83,0.03,0.52,0.47,0.86,0.67,0.02,0.08,0.54,0.01,0.65,0.06,0.28,12392,gen-dec-1789799810-8vsyrdsilvSysiPPmESd,,typesafe/jev-1.13-20260917,True,Reversed and Remanded with instructions.,False,,False,,
NQTsS_8QzSU,6D2025-0824,Oral Argument 04/16/2026 Cases  # 25-0824 and 25-1464,"DAVID OLSON, M.D. v. CHRISTOPHER and TAMMY COSTELLO, as Personal Representatives of the ESTATE OF RYAN COSTELLO, deceased, and INFINITE HEALTH COLLABORATIVE, P. A.",20260416,2026-05-15,affirm,affirm,0.19,True,0,0.11,0.08,critical,,,False,False,,,2628,97,https://www.youtube.com/watch?v=NQTsS_8QzSU,,7707,67,True,False,43.3,10604,False,0.93,0.98,1.98,0.79,0.06,0.02,0.81,0.11,0,2,False,1.98,0.84,0.04,0.02,0.86,0.08,0,2,False,0.46,0.28,0.26,0.58,0.21,0.97,0.3,0.22,0.7,0.67,0.02,0.05,0.46,0,0.59,0.03,0.38,11567,gen-dec-1789799810-E5fJLUljYkz7AD80LD3m,,typesafe/jev-1.13-20260917,True,Affirmed in part; Dismissed in part.,False,,False,,
NhVCwZd7rLk,6D2023-2617,Oral Argument   12/17/2024 Case # 23 2617,"BEACON PARK PHASE I HOMEOWNERS ASSOCIATION, INC. v. D.R. HORTON, INC., n/k/a A.B. DESIGN GROUP, LLC; ADVANCED WRAPPING & CONCRETE SOLUTIONS OF CENTRAL FLORIDA, INC.; BRAVEN PAINTING, INC.; BUILDING FIRSTSOURCE-FLORIDA, LLC; C & M CONCRETE CONSTRUCTIONS, INC.; CJS ALUMINUM, INC.; COLLIS ROOFING, INC.; HIGHWOODS CONTRACTING CORPORATION; J & N STONE, INC.; SEVAN PLASTERING, INC.; SOLAR-TITE, INC.; and TRADEWINDS GROUP OF CENTRAL FLORIDA, INC. d/b/a G.B. PAINTING, INC.",20250124,2024-12-23,affirm,reverse,0.37,False,0,0.02,0.43,neutral,,,True,False,,,2532,356,https://www.youtube.com/watch?v=NhVCwZd7rLk,,7719,1,False,True,0.0,10620,False,0.94,0.98,1.08,0.19,0.41,0.13,0.44,0.02,0,2,True,2.41,0.57,0.02,0.02,0.53,0.4,0.03,2,False,0.27,0.15,0.58,0.48,0.22,0.03,0.26,0.39,0.56,0.53,0.02,0.09,0.25,0.02,0.42,0.12,0.44,10146,gen-dec-1789799810-kiunsq9OFCbIlTsYXL5c,,typesafe/jev-1.13-20260917,True,Affirmed - PCA,True,,False,,
NqL2b_7d-Is,6D2023-2972,Oral Argument 3/10/26 Case #23-2972,WISNER DESMARET VS STATE OF FLORIDA,20260311,2026-03-17,affirm,affirm,0.85,True,0,0.22,0.09,deferential,,,True,False,,,1892,112,https://www.youtube.com/watch?v=NqL2b_7d-Is,,5639,38,True,False,39.5,7812,False,0.94,0.98,2.22,0.81,0,0,0.78,0.22,0,2,False,1.78,0.66,0.12,0.08,0.71,0.09,0,2,False,0.89,0.06,0.05,0.12,0.81,0.03,0.25,0.3,0.5,0.53,0.9,0.27,0.62,0,0.15,0.72,0.13,8605,gen-dec-1789799810-mRl4Ds6hQBqL4nJWUzGt,,typesafe/jev-1.13-20260917,True,Affirmed PCA,True,,False,,
OabSdfHwNpY,6D2023-3256,"Oral Argument - August 14, 2025 - Case # 23-3256",VALDIMIR  MORROBEL VS STATE OF FLORIDA,20250815,2026-03-30,affirm,reverse,0.48,False,-1,0.51,0.83,critical,Nardella,Nardella,False,False,,,2432,136,https://www.youtube.com/watch?v=OabSdfHwNpY,,6542,146,True,False,68.5,9031,False,0.92,0.98,2.51,0.46,0.03,0.01,0.45,0.43,0.08,2,False,3.03,0.64,0.01,0,0.16,0.6,0.23,3,False,0.14,0.21,0.65,0.56,0.92,0.88,0.9,0.89,0.84,0.81,0.02,0.1,0.37,0,0.53,0.31,0.16,11142,gen-dec-1789799810-H8N5VlrJ2hnXI2vMkTec,,typesafe/jev-1.13-20260917,True,Affirmed **CORRECTED OPINION**,False,,False,,
OpZY-CFbahQ,6D2025-0237,Oral Argument 05/19/2026 Case #25-0237,,20260519,,,reverse,0.22,,0,0.08,0.13,deferential,,,,,,,2526,72,https://www.youtube.com/watch?v=OpZY-CFbahQ,,6867,13,False,True,30.8,9470,False,0.94,0.99,1.68,0.59,0.15,0.12,0.65,0.08,0,2,False,1.78,0.58,0.14,0.08,0.65,0.13,0,2,False,0.24,0.28,0.48,0.4,0.71,0.64,0.37,0.27,0.6,0.56,0.03,0.06,0.29,0,0.36,0.48,0.16,10197,gen-dec-1789799810-DNNJbIbkdMCfm8hSXbPz,,typesafe/jev-1.13-20260917,False,,,,,,
Ph3VkkdgwM4,6D2024-0855,"Oral Argument - November 4, 2025 - Case # 24-0855",,20251104,,,affirm,0.12,,0,0.17,0.13,deferential,,,,,,,2415,313,https://www.youtube.com/watch?v=Ph3VkkdgwM4,,7402,63,False,False,46.0,10192,False,0.94,0.98,2.14,0.83,0.01,0.01,0.81,0.17,0,2,False,1.9,0.69,0.09,0.04,0.74,0.13,0,2,False,0.42,0.22,0.36,0.46,0.96,0.08,0.28,0.28,0.89,0.83,0.02,0.07,0.68,0,0.18,0.76,0.06,11078,gen-dec-1789799810-4XsOuxsQcbMX0VTP0YzL,,typesafe/jev-1.13-20260917,False,,,,,,
QDpgdHOYTkY,6D2025-0673,Oral Argument 06/23/2026 Case #25-0673,ESTANCIA US LIMITED PARTNERSHIP d/b/a LATITUDE 26 WATERFRONT RESORTS v. TAMOY AJI-DAWKINS,20260624,2026-08-14,reverse,reverse,0.74,True,-1,0.42,0.67,critical,,,False,False,,,3046,113,https://www.youtube.com/watch?v=QDpgdHOYTkY,,9047,171,False,False,73.1,12413,False,0.95,0.98,2.2,0.43,0.11,0.03,0.44,0.4,0.02,2,False,2.67,0.63,0.03,0,0.3,0.61,0.06,3,False,0.08,0.09,0.83,0.31,0.25,0.03,0.54,0.49,0.8,0.87,0.02,0.07,0.97,0,0.98,0.01,0.01,14692,gen-dec-1789799810-rgzVIlyJRdDwOjwOEZQZ,,typesafe/jev-1.13-20260917,True,Reversed and Remanded with instructions.,False,,False,,
QvrOseC7pT0,6D2023-3091,"6DCA - LAW DAY - Barry University - March 18, 2025 - Case #23-3091",WALGREEN COMPANY v. MONICA PAPPALARDO and DYNASERV FLORIDA LLC,20250320,2026-06-05,mixed,reverse,0.14,True,0,0.09,0.23,critical,White,White,False,False,,,2846,74,https://www.youtube.com/watch?v=QvrOseC7pT0,,6995,1,False,True,0.0,9643,False,0.94,0.98,1.69,0.59,0.16,0.09,0.66,0.09,0,2,False,2.13,0.7,0.04,0.04,0.68,0.23,0,2,False,0.35,0.22,0.43,0.28,0.53,0.38,0.24,0.4,0.63,0.68,0.02,0.13,0.67,0.03,0.75,0.03,0.19,9710,gen-dec-1789799810-1bG7ZaOd1Hnw5LXUYn5R,,typesafe/jev-1.13-20260917,True,Affirmed in Part; Reversed in Part; Remanded with instructions.,False,,False,,
Qw6ABlUrcfE,6D2025-0106,Oral Argument Case # 25-0106,,20260918,,,affirm,0.56,,0,0.2,0.27,deferential,,,,,,,2264,14,https://www.youtube.com/watch?v=Qw6ABlUrcfE,,7043,123,False,False,69.9,9708,False,0.93,0.98,2.21,0.82,0,0,0.8,0.2,0,2,False,2.1,0.57,0.06,0.08,0.59,0.23,0.04,2,False,0.7,0.25,0.05,0.52,0.97,0.1,0.45,0.45,0.78,0.46,0.02,0.14,0.26,0,0.31,0.44,0.25,11713,gen-dec-1789799810-9DfLSb0n5QepAWAWasZL,,typesafe/jev-1.13-20260917,False,,,,,,
RRwLEM6x69A,6D2025-0921,Oral Argument 3/17/2026 Case # 25-0921,MAUREEN KOTCH and LUCILLE A. BISHOP v. SANFORD HEALTH and THE EVANGELICAL LUTHERAN GOOD SAMARITAN SOCIETY d/b/a GOOD SAMARITAN SOCIETY - KISSIMMEE VILLAGE,20260317,2026-03-24,affirm,affirm,0.84,True,1,0.7,0.47,deferential,,,True,False,,,2317,148,https://www.youtube.com/watch?v=RRwLEM6x69A,,6978,90,False,False,67.8,9620,False,0.89,0.96,2.87,0.59,0,0,0.3,0.52,0.18,3,False,2.45,0.29,0.09,0.02,0.42,0.29,0.18,2,False,0.9,0.05,0.05,0.26,0.45,0.03,0.91,0.9,0.78,0.59,0.03,0.28,0.5,0,0.34,0.63,0.03,10756,gen-dec-1789799810-vknztw2hI3soPJHZSI0y,,typesafe/jev-1.13-20260917,True,Affirmed PCA,True,,False,"County. Gabrielle N. Sanders-Morency, Judge. March 24, 2026 PER CURIAM AFFIRMED. STARGEL, MIZE and PRATT, JJ., concur. John J. Martino, Philip D. Storey, and Jeffrey D. Harvey, of Community Legal Services, Daytona Beach, and Randall O. Reder, of ACE Charitable Legal Services, Inc., Savannah, Georgia","., concur. John J. Martino, Philip D. Storey, and Jeffrey D. Harvey, of Community Legal Services, Daytona Beach, and Randall O. Reder, of ACE Charitable Legal Services, Inc., Savannah, Georgia, for Appellants. Marie A. Borland, Lauren Ayers, and Shane T. Costello, of Hill Ward Henderson, P.A., Tampa"
RV3oanWgeoY,6D2023-3607,Oral Argument   12/17/2024 Case #23 3607,STATE OF FLORIDA VS NYYA JAHNAI HERARD,20250124,2025-08-15,reverse,reverse,0.21,True,-1,0.25,0.47,neutral,Gannam,Gannam,False,False,,,2459,392,https://www.youtube.com/watch?v=RV3oanWgeoY,,6315,1,False,True,0.0,8725,False,0.92,0.98,2.1,0.65,0.06,0.04,0.65,0.25,0,2,False,2.25,0.36,0.09,0.03,0.41,0.46,0.01,3,False,0.37,0.15,0.48,0.21,0.92,0.05,0.27,0.28,0.58,0.58,0.02,0.04,0.46,0.01,0.34,0.05,0.6,8524,gen-dec-1789799810-ZufiroAVHd6TanQXyqyw,,typesafe/jev-1.13-20260917,True,Reversed and Remanded.,False,,False,,
RkwASHiLlxE,6D2023-3551,"Oral Argument - November 4, 2025 - Case # 23-3551","NISHAD KHAN PL and NISHAD KHAN v. NEKA, LLC, AHMED HUSSEIN EL-HAWARY and REGIONS BANK",20251104,2025-11-14,mixed,reverse,0.45,True,-1,0.12,0.83,critical,Mize,Mize,False,False,,,2457,143,https://www.youtube.com/watch?v=RkwASHiLlxE,,6338,81,True,False,61.7,8756,False,0.94,0.99,2.07,0.85,0.02,0.01,0.85,0.12,0,2,False,2.91,0.79,0,0,0.17,0.75,0.08,3,False,0.29,0.08,0.63,0.14,0.85,0.03,0.43,0.74,0.72,0.85,0.02,0.11,0.73,0,0.8,0.15,0.05,10274,gen-dec-1789799810-Lk5pQAhLlENM9WWgAQ4n,,typesafe/jev-1.13-20260917,True,Affirmed in Part; Reversed in Part.,False,,False,,
TAJSpUekLLQ,6D2025-1230,"Oral Argument - Case# 25-1230 - Thursday, August 20, 2026",,20260820,,,reverse,0.46,,0,0.09,0.15,deferential,,,,,,,2550,269,https://www.youtube.com/watch?v=TAJSpUekLLQ,,8611,159,False,False,75.5,11824,False,0.94,0.98,1.92,0.79,0.07,0.02,0.82,0.09,0,2,False,1.58,0.38,0.24,0.09,0.52,0.15,0,2,True,0.21,0.14,0.65,0.31,0.89,0.03,0.21,0.2,0.72,0.59,0.15,0.2,0.36,0,0.36,0.53,0.11,14137,gen-dec-1789799810-PcgPc3fRNwtw9BwUt3kY,,typesafe/jev-1.13-20260917,False,,,,,,
UH_SAgf-SKQ,6D2023-4030,"Oral Argument - December 11, 2025 - Case # 23-4030",PHYLLIS BURZEE VS AMERICAN TRADITIONS INSURANCE COMPANY,20251211,2025-12-23,reverse,reverse,0.93,True,-2,0.04,0.46,critical,,,False,False,,,1975,52,https://www.youtube.com/watch?v=UH_SAgf-SKQ,,5280,46,False,False,56.5,7328,False,0.95,0.98,0.93,0.22,0.54,0.05,0.37,0.04,0,0,True,2.44,0.58,0.01,0.01,0.52,0.46,0,2,False,0.01,0.04,0.95,0.44,0.95,0.49,0.2,0.23,0.59,0.66,0.02,0.05,0.94,0,0.95,0.02,0.03,8373,gen-dec-1789799811-uA5hxGxGssdi2NTt9gPU,,typesafe/jev-1.13-20260917,True,Reversed and Remanded.,False,,False,,
UkNtDqSymRI,6D2024-0625,"Oral Argument - November 13, 2025 - #24-0625",JUAN CARLOS MARTINEZ v. STATE OF FLORIDA,20251113,2025-11-18,affirm,reverse,0.66,False,0,0.09,0.12,neutral,,,True,False,,,2613,72,https://www.youtube.com/watch?v=UkNtDqSymRI,,6939,83,True,False,61.4,9567,False,0.93,0.98,1.51,0.44,0.26,0.07,0.58,0.09,0,2,True,1.74,0.56,0.14,0.11,0.63,0.12,0,2,False,0.07,0.16,0.77,0.43,0.38,0.02,0.34,0.28,0.75,0.53,0.02,0.07,0.37,0.08,0.25,0.13,0.54,10859,gen-dec-1789799810-Ezh08NgghIJEzQ1PSt4Q,,typesafe/jev-1.13-20260917,True,Affirmed PCA,True,,False,,
VGNZ51lUry0,6D2025-0443,Oral Argument 01/22/2026-Case # 25-0443,"LA MINNESOTA RIVIERA, LLC v. RIVIERA GOLF ESTATES HOMEOWNERS ASSOCIATION, INC.",20260122,2026-04-17,reverse,affirm,0.24,False,0,0.39,0.17,critical,Nardella,Nardella,False,False,,,2559,86,https://www.youtube.com/watch?v=VGNZ51lUry0,,7040,156,False,False,75.0,9704,False,0.94,0.98,2.38,0.66,0.01,0,0.6,0.39,0,2,False,1.51,0.29,0.23,0.22,0.38,0.16,0.01,2,True,0.49,0.07,0.44,0.3,0.95,0.02,0.48,0.31,0.59,0.29,0.02,0.07,0.31,0.06,0.47,0.08,0.39,12053,gen-dec-1789799811-ngRVNaajgDE1DoqG7agn,,typesafe/jev-1.13-20260917,True,Reversed and Remanded with instructions.,False,,False,,
Wc0p9Vbthwo,6D2024-1194,"Oral Argument - December 3, 2025 - Case # 24-1194",UNIVERSAL PROPERTY & CASUALTY INSURANCE COMPANY v. NELSON RODRIGUEZ and YOSEIDA CUEVAS,20251203,2026-02-06,affirm,mixed_or_unclear,0.07,False,0,0.09,0.07,not_discussed,,,False,False,,,2445,72,https://www.youtube.com/watch?v=Wc0p9Vbthwo,,7243,46,True,False,32.6,9978,False,0.93,0.98,2.01,0.86,0.02,0.03,0.86,0.09,0,2,False,1.95,0.82,0.03,0.07,0.83,0.07,0,2,False,0.27,0.38,0.35,0.13,0.41,0.02,0.56,0.43,0.61,0.39,0.01,0.04,0.68,0.76,0.05,0.01,0.18,10629,gen-dec-1789799811-k6sdWq3dUMpZmvpndCV9,,typesafe/jev-1.13-20260917,True,Affirmed. Conflict Certified.,False,,True,,
X_6CoUrC-vQ,6D2025-1398,"Law Day - April 30, 2026 - Case # 25-1398",CARLA MARIE SANT ANGELO v. JENNIFER SANT ANGELO HUGHES and CHRISTOPHER SANT ANGELO,20260430,2026-05-12,affirm,affirm,0.88,True,0,0.18,0.26,deferential,,,True,False,,,2009,51,https://www.youtube.com/watch?v=X_6CoUrC-vQ,,5460,45,True,False,44.4,7571,False,0.94,0.98,2.15,0.82,0.01,0.01,0.8,0.18,0,2,False,2.24,0.77,0.01,0.01,0.72,0.26,0,2,False,0.92,0.04,0.04,0.18,0.97,0.11,0.23,0.3,0.3,0.58,0.02,0.06,0.49,0,0.16,0.62,0.22,8592,gen-dec-1789799811-eeZSwrw5t5XX5YxJNB04,,typesafe/jev-1.13-20260917,True,Affirmed PCA,True,,False,,
Xm71unRKCyU,6D2024-0451,"Oral Argument - November 20, 2025 - Case # 24-0451",JOHNNY CISNERO VS STATE OF FLORIDA,20251121,2025-11-25,affirm,affirm,0.9,True,0,0.41,0,deferential,,,True,False,,,1899,84,https://www.youtube.com/watch?v=Xm71unRKCyU,,4013,68,True,False,63.2,5617,False,0.93,0.98,2.39,0.64,0.01,0.01,0.57,0.4,0.01,2,False,1.11,0.25,0.32,0.26,0.42,0,0,2,True,0.9299999999999999,0.04,0.03,0.23,0.9,0.02,0.28,0.12,0.43,0.58,0.02,0.04,0.5,0.05,0.16,0.63,0.16,7170,gen-dec-1789799811-0ZUEqdpIjqDb0BgBUAam,,typesafe/jev-1.13-20260917,True,Affirmed PCA,True,,False,,
YCnLrA6BqUY,6D2025-0832,Oral Argument 3/10/26 Case #25-0832,,20260311,,,mixed_or_unclear,0.29,,0,0.02,0.07,neutral,,,,,,,1981,54,https://www.youtube.com/watch?v=YCnLrA6BqUY,,5090,60,True,False,56.7,7071,False,0.91,0.98,1.85,0.85,0.05,0.07,0.86,0.02,0,2,False,1.77,0.69,0.1,0.09,0.74,0.07,0,2,False,0.19,0.53,0.28,0.44,0.96,0.95,0.13,0.15,0.61,0.55,0.02,0.05,0.61,0.01,0.23,0.06,0.7,8316,gen-dec-1789799811-LUuilxBEjee0W0euIVVL,,typesafe/jev-1.13-20260917,False,,,,,,
YEh1TWrj0H4,6D2024-1512,"Oral Argument - November 13, 2025 - #24-1512","OSCEOLA COUNTY, FLORIDA v. ORANGE COUNTY, FLORIDA, VALERIE ANDERSON, INDIVIDUALLY AND ON BEHALF OF FRIENDS OF SPLIT OAK FOREST, INC. AND CHARLES O'NEAL, INDIVIDUALLY AND ON BEHALF OF SPEAK UP WEKIVA, INC.",20251113,2025-11-18,affirm,reverse,0.17,False,0,0.32,0.04,neutral,,,True,False,,,2515,87,https://www.youtube.com/watch?v=YEh1TWrj0H4,,6590,65,True,False,58.5,9096,False,0.93,0.98,2.28,0.68,0.02,0.01,0.65,0.32,0,2,False,1.87,0.82,0.04,0.08,0.84,0.04,0,2,False,0.31,0.25,0.44,0.38,0.79,0.05,0.26,0.36,0.61,0.51,0.02,0.04,0.41,0.16,0.13,0.15,0.56,10174,gen-dec-1789799811-QymssDUDu7LO0wAFo4zi,,typesafe/jev-1.13-20260917,True,Affirmed PCA,True,,False,,
YnMVcWlcYAo,6D2025-0624,Oral Argument 05/14/2026 Case # 25-0624,"THE WATERFRONT IN NAPLES CONDOMINIUM ASSOCIATION, INC. v. REYNOLDS VENTURES, INC.",20260514,2026-08-21,reverse,affirm,0.26,False,0,0.13,0.21,critical,Brownlee,Brownlee,False,False,,,2579,106,https://www.youtube.com/watch?v=YnMVcWlcYAo,,6801,98,True,False,57.1,9381,False,0.94,0.98,2.1,0.86,0.01,0,0.86,0.13,0,2,False,2.12,0.75,0.04,0.01,0.74,0.21,0,2,False,0.51,0.21,0.28,0.69,0.31,0.04,0.34,0.56,0.64,0.57,0.02,0.04,0.3,0.04,0.47,0.1,0.39,10933,gen-dec-1789799811-ArxByKpUVBrBFD3qEH7T,,typesafe/jev-1.13-20260917,True,Reversed and Remanded with instructions.,False,,False,,
YvnYUIDyw7w,6D2024-0997,Oral Argument 02/12/2026-Case # 24-0997,,20260212,,,affirm,0.4,,0,0.15,0.45,deferential,,,,,,,2674,53,https://www.youtube.com/watch?v=YvnYUIDyw7w,,8138,130,True,False,63.1,11186,False,0.93,0.98,2.06,0.8,0.04,0.02,0.79,0.15,0,2,False,2.41,0.56,0.02,0.01,0.52,0.44,0.01,2,False,0.6,0.18,0.22,0.57,0.48,0.02,0.51,0.38,0.82,0.76,0.02,0.03,0.27,0.01,0.29,0.45,0.25,13085,gen-dec-1789799811-ia9hSuNeznvdXF6gfKIL,,typesafe/jev-1.13-20260917,False,,,,,,
_g-edjODiNg,6D2024-1003,"Law Day - April 30, 2026 - Case # 24-1003",GEORGE QUINONES SANTIAGO v. STATE OF FLORIDA,20260430,2026-07-24,reverse,affirm,0.45,False,0,0.06,0.05,deferential,Brownlee,Brownlee,False,False,,,2829,87,https://www.youtube.com/watch?v=_g-edjODiNg,,8330,30,False,True,36.7,11445,False,0.95,0.98,1.97,0.88,0.04,0.02,0.88,0.06,0,2,False,1.39,0.41,0.29,0.08,0.58,0.05,0,2,True,0.63,0.29,0.08,0.52,0.09,0.03,0.26,0.21,0.84,0.61,0.01,0.02,0.69,0.01,0.03,0.77,0.19,12271,gen-dec-1789799811-46Tde2iIxdelqvqmHs0B,,typesafe/jev-1.13-20260917,True,Reversed and Remanded.,False,,False,,
alBIL9vnmPk,6D2024-1880,"October 16, 2025 - Case #24-1880","BANKUNITED, N.A. v. KAY BARRINGTON DUNN a/k/a KAY DUNN a/k/a KAY BARRINGTON a/k/a KAY C. BARRINGTON",20251016,2025-10-21,affirm,affirm,0.51,True,0,0.07,0.06,neutral,,,True,False,,,2169,75,https://www.youtube.com/watch?v=alBIL9vnmPk,,6633,23,False,True,43.5,9154,False,0.94,0.98,2.05,0.93,0,0.01,0.92,0.07,0,2,False,1.61,0.56,0.15,0.16,0.63,0.06,0,2,False,0.67,0.24,0.09,0.18,0.65,0.02,0.27,0.17,0.75,0.47,0.02,0.09,0.31,0.01,0.38,0.12,0.49,10083,gen-dec-1789799811-jpbuwvYUyl542XTmILWm,,typesafe/jev-1.13-20260917,True,Affirmed PCA,True,,False,,
b1hmazypFaU,6D2024-0330,Oral Argument 02/12/2026-Case # 24-0330,RAYMOND T. HOLMES VS STATE OF FLORIDA,20260212,2026-04-14,affirm,reverse,0.81,False,0,0.89,0.75,critical,,,True,False,,,2923,81,https://www.youtube.com/watch?v=b1hmazypFaU,,7756,210,False,False,76.7,10670,False,0.94,0.98,3.02,0.79,0,0,0.11,0.75,0.14,3,False,2.8,0.66,0.03,0.01,0.21,0.64,0.11,3,False,0.1,0.03,0.87,0.65,0.96,0.09,0.82,0.7,0.81,0.56,0.02,0.06,0.99,0,1,0,0,13765,gen-dec-1789799811-zNDbn5O9gvwWJkFNuFDK,,typesafe/jev-1.13-20260917,True,Affirmed PCA,True,,False,,"P. 9.141(b)(2) from the Circuit Court for Orange County. Luis F. Calderon, Judge. April 14, 2026 PER CURIAM. AFFIRMED. STARGEL, WOZNIAK and BROWNLEE, JJ., concur. Raymond T. Holmes, Bonifay, pro se. James Uthmeier, Attorney General, Tallahassee, and Rebecca Rock McGuigan, Bureau Chief, Daytona Beach"
bsKxj1qjtyI,6D2024-1564,"October 9, 2025 - Case # 24-1564",JASON GARMON v. MEAGAN GARMON,20251009,2026-05-01,reverse,mixed_or_unclear,0.18,False,0,0.05,0.14,critical,,,False,False,,,2276,94,https://www.youtube.com/watch?v=bsKxj1qjtyI,,6389,8,False,True,25.0,8825,False,0.92,0.98,1.93,0.85,0.05,0.03,0.87,0.05,0,2,False,2.06,0.82,0.03,0.02,0.81,0.14,0,2,False,0.21,0.46,0.33,0.57,0.84,0.16,0.4,0.42,0.69,0.73,0.02,0.09,0.57,0,0.68,0.18,0.14,9306,gen-dec-1789799811-c7KB99t8jPpzPfQvmw6y,,typesafe/jev-1.13-20260917,True,Reversed,False,,False,"Fla. 4th DCA 2008); Bauchman v. Bauchman, 253 So. 3d 1143, 1148-49 (Fla. 4th DCA 2018); Graydus v. Graydus, 414 So. 3d 213, 215 (Fla 4th DCA 2025); Carlson v. Carlson, 719 So. 2d 936, 936 (Fla. 4th DCA 1998). REVERSED. STARGEL and SMITH, JJ., concur. Allison M. Perry, of Florida Appeals, P.A., Tampa",
cOInGl-5vGo,6D2025-0471,Oral Argument 05/21/2026 Case #25-0471,,20260522,,,affirm,0.05,,0,0.05,0.09,neutral,,,,,,,2570,86,https://www.youtube.com/watch?v=cOInGl-5vGo,,6582,12,False,True,33.3,9085,False,0.92,0.98,1.45,0.46,0.22,0.15,0.58,0.05,0,2,True,1.82,0.69,0.08,0.11,0.72,0.09,0,2,False,0.37,0.31,0.32,0.36,0.62,0.07,0.23,0.23,0.45,0.38,0.09,0.41,0.45,0.01,0.23,0.18,0.58,9522,gen-dec-1789799811-fsdaHvbAeYwWjTmR0PFF,,typesafe/jev-1.13-20260917,False,,,,,,
cvl_yPUjJCY,6D2023-3806,"Oral Argument - May 29, 2025 - Case#23 3806","PHLSTER LLC AND THE ACTIVITY GROUP, INC. VS THE BERNSTEIN FIRM LLC, GUN DOG ARMORY, INC., CASEY HITE AND",20250530,2025-10-03,mixed,reverse,0.55,True,0,0.84,0.69,critical,,,False,False,,,3125,303,https://www.youtube.com/watch?v=cvl_yPUjJCY,,9207,1,False,True,0.0,12629,False,0.93,0.98,3.07,0.66,0,0,0.16,0.6,0.24,3,False,2.74,0.64,0.02,0.01,0.28,0.6,0.09,3,False,0.21,0.09,0.7,0.38,0.36,0.03,0.84,0.74,0.65,0.85,0.05,0.34,0.78,0,0.84,0.13,0.03,12564,gen-dec-1789799811-EWDqurIAfj0PfOEIvhfa,,typesafe/jev-1.13-20260917,True,Affirmed in Part; Reversed in Part; and Remanded for further proceedings.,True,,False,,
d1_5hkeEQfw,6D2024-2773,"Oral Argument - Case# 24-2773 - Thursday, August 20, 2026",,20260820,,,affirm,0.8,,1,0.53,0.23,critical,,,,,,,2609,175,https://www.youtube.com/watch?v=d1_5hkeEQfw,,7761,128,True,False,38.3,10677,False,0.95,0.98,2.52,0.6,0,0,0.47,0.53,0,3,False,2.17,0.76,0.02,0.01,0.74,0.23,0,2,False,0.86,0.07,0.07,0.31,0.6,0.04,0.42,0.39,0.66,0.73,0.02,0.03,0.4,0.01,0.54,0.34,0.11,12527,gen-dec-1789799811-jgYwctgmRT07hrkdEey7,,typesafe/jev-1.13-20260917,False,,,,,,
e7_DXiJzUGw,6D2024-1015,"Oral Argument - April 17, 2025 - Case # 24-1015",,20250421,,,affirm,0.37,,0,0.13,0.03,deferential,,,,,,,2582,358,https://www.youtube.com/watch?v=e7_DXiJzUGw,,7453,1,False,True,0.0,10261,False,0.93,0.98,2.11,0.87,0.01,0.01,0.85,0.13,0,2,False,1.13,0.22,0.39,0.13,0.45,0.03,0,2,True,0.58,0.32,0.1,0.46,0.82,0.97,0.21,0.2,0.67,0.62,0.02,0.05,0.59,0,0.11,0.7,0.19,10226,gen-dec-1789799811-ShWsA97jQ8GW4BIgN6AS,,typesafe/jev-1.13-20260917,False,,,,,,
eFPd9bg2VuU,6D2025-0374,"Oral Argument, November 6, 2025, Case # 25-0374","O. P., A. P., and E. P. v. DEPARTMENT OF CHILDREN AND FAMILIES",20251110,2025-11-10,affirm,affirm,0.26,True,0,0.22,0.23,deferential,,,True,False,,,2350,77,https://www.youtube.com/watch?v=eFPd9bg2VuU,,6589,54,True,False,55.6,9095,False,0.93,0.98,2.18,0.78,0.02,0.01,0.75,0.22,0,2,False,2.2,0.78,0.01,0.01,0.75,0.23,0,2,False,0.5,0.31,0.19,0.27,0.18,0.96,0.29,0.41,0.71,0.59,0.04,0.07,0.34,0,0.21,0.51,0.28,9917,gen-dec-1789799811-vXDjDBOiSXDTjlt2XVra,,typesafe/jev-1.13-20260917,True,Affirmed PCA,True,,False,,
eTCMWMA4gb0,6D2024-0088,"Oral Argument - May 13, 2025  Case #24-0088",KEYERRA BUCKLEY VS GEICO INDEMNITY COMPANY,20250530,2025-05-20,affirm,reverse,0.08,False,0,0.1,0.1,neutral,,,True,False,,,2496,142,https://www.youtube.com/watch?v=eTCMWMA4gb0,,7522,1,False,True,0.0,10354,False,0.93,0.98,1.96,0.8,0.04,0.05,0.81,0.1,0,2,False,1.85,0.7,0.08,0.1,0.72,0.1,0,2,False,0.35,0.26,0.39,0.32,0.44,0.03,0.44,0.34,0.76,0.49,0.02,0.06,0.47,0.19,0.17,0.04,0.6,10289,gen-dec-1789799811-4MvioKIC0nqXAjnMmzjs,,typesafe/jev-1.13-20260917,True,Affirmed PCA,True,,False,,
fasI0ijy4Xc,6D2024-1175,"Law Day - March 25, 2025 - Case # 24-1175",PETER FLECK AND KARI FLECK v. FIRST AMERICAN TITLE INSURANCE COMPANY,20250401,2025-04-15,affirm,affirm,0.37,True,0,0.11,0.36,neutral,,,True,False,,,2638,99,https://www.youtube.com/watch?v=fasI0ijy4Xc,,7293,1,False,True,0.0,10045,False,0.93,0.97,1.61,0.48,0.21,0.09,0.59,0.11,0,2,True,2.28,0.62,0.03,0.03,0.58,0.35,0.01,2,False,0.59,0.14,0.27,0.28,0.31,0.03,0.33,0.37,0.59,0.6,0.02,0.05,0.31,0.01,0.28,0.22,0.49,9321,gen-dec-1789799811-gKyFuUy0n6WF6CJrAHnM,,typesafe/jev-1.13-20260917,True,Affirmed PCA,True,,False,,
fqBiIjgu_9s,6D2023-3665,"Oral Argument - October 23, 2025 - Case # 23-3665",,20251023,,,reverse,0.65,,0,0.08,0.4,critical,,,,,,,3171,310,https://www.youtube.com/watch?v=fqBiIjgu_9s,,8465,114,True,False,57.9,11627,False,0.94,0.99,1.58,0.5,0.22,0.07,0.63,0.08,0,2,True,2.28,0.55,0.06,0.02,0.52,0.39,0.01,2,False,0.13,0.1,0.77,0.48,0.9,0.04,0.43,0.52,0.85,0.62,0.93,0.47,0.42,0,0.56,0.32,0.11,13288,gen-dec-1789799811-kT6VdZMEg18q30UXPuIU,,typesafe/jev-1.13-20260917,False,,,,,,
hK6vlYJYjJ4,6D2024-2294,Oral Argument 4/16/2026 Case # 24-2294,"ROBERT LEE KING, JR. v. MARK S. BROWN, M.D., PREMIER MEN'S MEDICAL CENTER OF ORLANDO, LLC, and OPS INTERNATIONAL, INC. d/b/a OLYMPIA PHARMACEUTICALS",20260416,2026-04-28,affirm,affirm,0.43,True,0,0.18,0.29,critical,,,True,False,,,1586,59,https://www.youtube.com/watch?v=hK6vlYJYjJ4,,4464,13,False,True,7.7,6226,False,0.93,0.98,2.18,0.84,0,0,0.8200000000000001,0.18,0,2,False,2.14,0.63,0.03,0.08,0.6,0.28,0.01,2,False,0.62,0.21,0.17,0.18,0.93,0.12,0.44,0.25,0.84,0.42,0.02,0.09,0.76,0,0.83,0.05,0.12,6966,gen-dec-1789799811-VDCI205UnO2Ewcur6xf0,,typesafe/jev-1.13-20260917,True,Affirmed PCA,True,,False,,
hlOSnWTEoJI,6D2025-1848,"Oral Argument - Case# 25-1848 - Tuesday, August 25, 2026","MARK S. TRACY and MARK S. TRACY, D.P.M., P.A. v. DINA BERNICHIO-HUMBERT",20260825,2026-09-01,affirm,affirm,0.13,True,2,0.02,0.02,neutral,,,True,False,,,1925,144,https://www.youtube.com/watch?v=hlOSnWTEoJI,,4877,25,False,False,68.0,6783,False,0.92,0.98,1.37,0.44,0.21,0.22,0.55,0.02,0,2,True,0.83,0.31,0.48,0.22,0.28,0.02,0,0,True,0.42,0.28,0.3,0.64,0.78,0.24,0.19,0.19,0.53,0.55,0.02,0.06,0.26,0,0.23,0.32,0.45,7566,gen-dec-1789799811-t0JdHZlgNxa6XQoAKTp2,,typesafe/jev-1.13-20260917,True,Affirmed PCA,True,,False,,
huXQ1PDJ9mI,6D2023-4158,"Oral Argument - May 22, 2025 - Case #23-4158",DAWSON PARTIN-CORBEIL CALDERON VS STATE OF FLORIDA,20250530,2025-07-22,affirm,reverse,0.42,False,0,0.01,0.02,critical,,,True,False,,,2370,174,https://www.youtube.com/watch?v=huXQ1PDJ9mI,,6857,1,False,True,0.0,9456,False,0.92,0.98,1.43,0.5,0.21,0.16,0.62,0.01,0,2,True,1.74,0.75,0.08,0.13,0.77,0.02,0,2,False,0.1,0.29,0.61,0.32,0.79,0.03,0.14,0.12,0.64,0.63,0.02,0.17,0.18,0.01,0.38,0.39,0.22,9737,gen-dec-1789799811-IFSmOFVz1ve10J05T1RS,,typesafe/jev-1.13-20260917,True,Affirmed PCA,True,,False,,
iBt1vdL6EHY,6D2023-3992,"6DCA - LAW DAY - Florida Southern College -  March 13, 2025 - Case# 23-3992",JOSHUA PENTON VS STATE OF FLORIDA,20250314,2025-03-18,affirm,reverse,0.36,False,-1,0.22,0.53,critical,,,True,False,,,2748,133,https://www.youtube.com/watch?v=iBt1vdL6EHY,,7270,1,False,True,0.0,10014,False,0.93,0.93,2.18,0.79,0.01,0.01,0.76,0.21,0.01,2,False,2.54,0.57,0.01,0,0.46,0.51,0.02,3,False,0.17,0.26,0.57,0.55,0.82,0.7,0.82,0.79,0.67,0.73,0.06,0.11,0.78,0,0.83,0.09,0.08,9341,gen-dec-1789799811-rGyGoXb9pecP2Eda0eBI,,typesafe/jev-1.13-20260917,True,Affirmed PCA,True,,False,,
jnWDFRnjysw,6D2023-3493,Oral Argument   12/17/2024 Case # 23 3493,"JANET THORPE, AS PERSONAL RESPRESENTATIVE OF THE ESTATE OF JENNIFER PALMER VS MEMORIAL SLOAN-KETTERING CANCER CENTER, SAM SUNGHYUN YOON, M. D., AND SINCHUN HWANG, M. D.",20250124,2025-04-17,affirm,affirm,0.58,True,0,0.43,0.24,deferential,Mize,Mize,False,False,,,2752,230,https://www.youtube.com/watch?v=jnWDFRnjysw,,8183,1,False,True,0.0,11247,False,0.95,0.98,2.44,0.63,0,0,0.5700000000000001,0.42,0.01,2,False,2,0.59,0.08,0.08,0.6,0.23,0.01,2,False,0.73,0.21,0.06,0.41,0.92,0.04,0.77,0.51,0.85,0.7,0.02,0.1,0.1,0.13,0.23,0.33,0.31,11432,gen-dec-1789799811-8Hlm35gxbzI9tVSroP5W,,typesafe/jev-1.13-20260917,True,Affirmed. Conflict Certified.,False,,True,,
lC4GShkrRaA,6D2023-3172,"Oral Argument - August 14, 2025 - Case # 23 3172","JOHN W. MINA, SHERIFF OF ORANGE COUNTY, FLORIDA VS SEAN M. HURLEY",20250815,2025-08-19,affirm,reverse,0.9,False,0,0.13,0.35,critical,,,True,False,,,2320,169,https://www.youtube.com/watch?v=lC4GShkrRaA,,6971,71,True,False,64.8,9610,False,0.93,0.98,2.01,0.77,0.06,0.01,0.8,0.13,0,2,False,2.21,0.56,0.06,0.03,0.56,0.33,0.02,2,False,0.03,0.03,0.9400000000000001,0.44,0.88,0.02,0.51,0.48,0.79,0.62,0.02,0.04,0.95,0,0.97,0.03,0,10755,gen-dec-1789799811-cYTKPsDikgUVEuExIh5v,,typesafe/jev-1.13-20260917,True,Affirmed PCA,True,,False,,
lXJG9e9BV7g,6D2024-1481,"Oral Argument - December 3, 2025 - Case # 24-1481",DAVID SASSER v. JOLEEN SASSER,20251203,2026-06-19,mixed,reverse,0.3,True,0,0.31,0.54,critical,,,False,False,,,2547,70,https://www.youtube.com/watch?v=lXJG9e9BV7g,,7550,111,True,False,70.3,10392,False,0.94,0.99,2.31,0.73,0,0,0.6900000000000001,0.31,0,2,False,2.64,0.41,0.01,0.01,0.44,0.41,0.13,2,False,0.24,0.22,0.54,0.4,0.76,0.04,0.61,0.9,0.65,0.58,0.02,0.08,0.94,0,0.96,0.04,0,12254,gen-dec-1789799811-VPIn7je1cYLdRmICW8Ty,,typesafe/jev-1.13-20260917,True,Affirmed in Part; Reversed in Part; Remanded with instructions.,True,,False,,
lnxTjq3A4Jg,6D2024-0108,"Oral Arguments September 11, 2025 Case # 24-0108","NORMA LABADY AND JUDE LABADY VS ORLANDO HEALTH, INC., JEFFREY H. FELD, M.D., WENDELLY J. VASQUEZ, M.D. AND",20250912,2025-09-22,affirm,affirm,0.68,True,0,0.19,0.1,deferential,,,True,False,,,2121,78,https://www.youtube.com/watch?v=lnxTjq3A4Jg,,6146,68,True,False,58.8,8497,False,0.92,0.98,2.18,0.82,0.01,0.01,0.79,0.19,0,2,False,1.86,0.71,0.08,0.08,0.74,0.1,0,2,False,0.79,0.1,0.11,0.18,0.62,0.03,0.38,0.34,0.7,0.63,0.02,0.04,0.84,0,0.06,0.88,0.06,9699,gen-dec-1789799811-y1zGa2TZcdfuyWaYv7CO,,typesafe/jev-1.13-20260917,True,Affirmed PCA,True,,False,,
lpZu2gg4Ahg,6D2023-2869,Oral Argument 06/03/2026 Case #23-2869,CHRISTY DANIEL CUGINI VS STATE OF FLORIDA,20260603,2026-06-23,affirm,affirm,0.46,True,0,0.06,0.02,neutral,,,True,False,,,1806,173,https://www.youtube.com/watch?v=lpZu2gg4Ahg,,4938,54,True,False,55.6,6866,False,0.94,0.98,1.93,0.84,0.03,0.06,0.85,0.05,0.01,2,False,1.21,0.31,0.24,0.32,0.42,0.02,0,2,True,0.65,0.2,0.15,0.14,0.92,0.02,0.53,0.18,0.9,0.76,0.02,0.04,0.2,0.01,0.25,0.34,0.4,8249,gen-dec-1789799811-lv1IRfK3nIGEEqGkPhue,,typesafe/jev-1.13-20260917,True,Affirmed PCA,True,,False,,
mcF03sTizqE,6D2025-0335,"Law Day - April 30, 2026 - Case # 25-0335","LEE COUNTY, FLORIDA v. CAPTIVA CIVIC ASSOCIATION, INC. and WW SSIR OWNER, LLC",20260430,2026-05-22,reverse,reverse,0.82,True,-2,0.25,0.26,critical,Gannam,Gannam,False,False,,,2361,111,https://www.youtube.com/watch?v=mcF03sTizqE,,6734,15,False,True,66.7,9290,False,0.94,0.98,1.51,0,0.37,0.03,0.35000000000000003,0.24,0.01,0,True,2.25,0.76,0.01,0.01,0.72,0.25,0.01,2,False,0.04,0.08,0.88,0.26,0.54,0.03,0.34,0.32,0.53,0.42,0.02,0.04,0.72,0.06,0.79,0.03,0.12,9708,gen-dec-1789799811-vCyN1ighwf0IdSaEUFld,,typesafe/jev-1.13-20260917,True,Reversed and Remanded with instructions.,False,,False,,
oMkaY8rfMJA,6D2024-0320,"Oral Argument - May 13, 2025  Case #24-0320",MICHAEL  SHERWOOD FOLSOM VS STATE OF FLORIDA,20250530,2025-05-20,affirm,affirm,0.69,True,0,0.36,0.12,critical,,,True,False,,,2054,96,https://www.youtube.com/watch?v=oMkaY8rfMJA,,5579,1,False,True,0.0,7731,False,0.94,0.98,2.34,0.68,0.01,0.01,0.62,0.36,0,2,False,1.78,0.6,0.13,0.09,0.66,0.12,0,2,False,0.79,0.13,0.08,0.42,0.79,0.13,0.45,0.5,0.54,0.45,0.02,0.04,0.43,0.01,0.58,0.26,0.15,8308,gen-dec-1789799811-MKtpFSKzUza8ujYjXFLQ,,typesafe/jev-1.13-20260917,True,Affirmed PCA,True,,False,,
pfegJui1uHc,6D2023-3824,"Law Day - Florida Southern College - March 13, 2025 - Case# 23-3824","MELROSE VENTURES, LLC, INTELLIGENT PAYMENT PROCESSING INC. VS UPTEMPO MARKETING CORP., UPTEMPO SERVICING CORP., HANK PAYMENTS CORP.",20250314,2025-07-25,affirm,affirm,0.23,True,1,0.65,0.45,critical,,,False,False,,,1874,96,https://www.youtube.com/watch?v=pfegJui1uHc,,5319,1,False,True,0.0,7380,False,0.91,0.98,2.8,0.57,0,0,0.35,0.49,0.16,3,False,2.36,0.39,0.06,0.08,0.41,0.34,0.11,2,False,0.49,0.2,0.31,0.35,0.97,0.15,0.68,0.62,0.82,0.75,0.02,0.11,0.31,0.01,0.49,0.29,0.21,7226,gen-dec-1789799811-CrzRCclSpmhhl6v59WHK,,typesafe/jev-1.13-20260917,True,Affirmed. Conflict Certified.,True,,False,,
pvFr3xBtpN8,6D2025-0288,Oral Argument 02/27/2026 - Case# 25-0288,"KATHRYN WYRICK v. MILLENNIAL CAPITAL COMPANY, LLC and GREP SOUTHEAST, LLC",20260227,2026-03-20,affirm,affirm,0.59,True,0,0.03,0.01,neutral,,,False,False,,,1790,73,https://www.youtube.com/watch?v=pvFr3xBtpN8,,4651,39,True,False,56.4,6478,False,0.92,0.98,1.98,0.93,0.01,0.02,0.93,0.03,0,2,False,1.47,0.55,0.1,0.33,0.56,0.01,0,2,False,0.72,0.14,0.14,0.12,0.11,0.03,0.14,0.08,0.31,0.55,0.02,0.03,0.34,0.08,0.05,0.36,0.51,7476,gen-dec-1789799811-UTTxklslTE5IzK6faqTu,,typesafe/jev-1.13-20260917,True,Affirmed,True,,False,,
qw4dOi9HOTI,6D2023-4134,"October 9, 2025 - Case # 23-4134",,20251009,,,affirm,0.78,,0,0.12,0.09,deferential,,,,,,,2608,96,https://www.youtube.com/watch?v=qw4dOi9HOTI,,6586,47,False,False,63.8,9091,False,0.9,0.98,2.1,0.87,0.01,0.01,0.86,0.12,0,2,False,1.65,0.55,0.18,0.08,0.65,0.09,0,2,False,0.86,0.09,0.05,0.29,0.89,0.06,0.18,0.16,0.82,0.63,0.02,0.09,0.61,0,0.21,0.71,0.08,9773,gen-dec-1789799812-dmUkswrwXPYOpOqca88V,,typesafe/jev-1.13-20260917,False,,,,,,
rpFSvv9jd_k,6D2024-0130,"Oral Argument - September 18, 2025 - #24-0130",,20250918,,,affirm,0.45,,0,0.07,0.24,neutral,,,,,,,3359,84,https://www.youtube.com/watch?v=rpFSvv9jd_k,,9477,112,True,False,47.3,12993,False,0.94,0.99,1.95,0.83,0.05,0.04,0.84,0.07,0,2,False,2.2,0.77,0.01,0.01,0.74,0.24,0,2,False,0.64,0.2,0.16,0.52,0.93,0.02,0.52,0.41,0.82,0.51,0.02,0.09,0.24,0,0.42,0.14,0.44,14455,gen-dec-1789799812-ESgziLV1oU93ERKUpEUW,,typesafe/jev-1.13-20260917,False,,,,,,
szJNL1rNjBo,,"Law Day - April 30, 2026 - Case # 24-2035",,20260430,,,affirm,0.41,,0,0.17,0.05,neutral,,,,,,,2700,102,https://www.youtube.com/watch?v=szJNL1rNjBo,,8089,25,False,True,48.0,11120,False,0.94,0.98,2.08,0.78,0.03,0.02,0.78,0.17,0,2,False,1.88,0.81,0.05,0.08,0.82,0.05,0,2,False,0.61,0.18,0.21,0.3,0.95,0.05,0.43,0.29,0.75,0.59,0.02,0.08,0.29,0.01,0.2,0.32,0.47000000000000003,11487,gen-dec-1789799812-LC7bMIk07IzN6T7IcFOw,,typesafe/jev-1.13-20260917,False,,,,,,
t-YYMXASdaU,6D2024-2213,Oral Argument 06/02/2026 Case #24-2213,"FLORIDA PENINSULA INSURANCE COMPANY v. SFR SERVICES, LLC a/a/o STEPHEN JOHNSON and SHEILA CORBIN",20260602,2026-06-19,mixed,affirm,0.35,False,0,0.16,0.14,critical,,,False,False,,,2172,61,https://www.youtube.com/watch?v=t-YYMXASdaU,,4953,75,True,False,61.3,6886,False,0.94,0.98,2.15,0.86,0,0,0.84,0.16,0,2,False,2.07,0.82,0.02,0.03,0.81,0.14,0,2,False,0.5599999999999999,0.16,0.28,0.24,0.73,0.02,0.23,0.3,0.83,0.52,0.02,0.03,0.22,0,0.42,0.31,0.27,8359,gen-dec-1789799812-qYNyKPyCN9R89eLTKQb8,,typesafe/jev-1.13-20260917,True,"Affirmed in Part, Reversed in Part, and Remanded with instruction.",True,,False,,
teFHG4Y-ztY,6D2024-2597,Oral Argument 01/22/2026-Case # 24-2597,,20260122,,,reverse,0.09,,0,0.01,0.18,neutral,,,,,,,2405,57,https://www.youtube.com/watch?v=teFHG4Y-ztY,,5905,69,True,False,58.0,8171,False,0.91,0.98,1.42,0.51,0.2,0.18,0.61,0.01,0,2,True,2.13,0.82,0.02,0.01,0.79,0.18,0,2,False,0.32,0.29,0.39,0.45,0.31,0.02,0.29,0.41,0.61,0.77,0.02,0.04,0.39,0.2,0.11,0.15,0.54,9349,gen-dec-1789799812-Qb9LFDiR80OhLTs2t2Ez,,typesafe/jev-1.13-20260917,False,,,,,,
tshogn_WS3Q,6D2024-1080,"6DCA - LAW DAY - Barry University - March 18, 2025 - Case# 24-1080",,20250320,,,reverse,0.7,,0,0.57,0.79,critical,,,,,,,3262,178,https://www.youtube.com/watch?v=tshogn_WS3Q,,9357,1,False,True,0.0,12831,False,0.93,0.98,2.44,0.4,0.1,0.01,0.32,0.49,0.08,3,False,2.98,0.65,0,0,0.21,0.59,0.2,3,True,0.11,0.09,0.8,0.3,0.46,0.03,0.7,0.84,0.65,0.61,0.02,0.12,0.44,0.39,0.58,0.02,0.01,11593,gen-dec-1789799812-B6q64M6IczDzkP8R3CBu,,typesafe/jev-1.13-20260917,False,,,,,,
uBlbJ8Hqaew,6D2023-1049,6DCA - Oral Argument  05/09/2023: Case #23-1049,"STEVEN T. SMITH, AS TRUSTEE OF THE STEVEN T. SMITH REVOCABLE TRUST AGREEMENT U/A/D APRIL 28, 1999, VS CHARLES L. BABCOCK AND NANCY W. HAMILTON",20230509,2023-06-23,reverse,affirm,0.11,False,0,0.16,0.25,critical,Nardella,Nardella,False,False,,,2733,259,https://www.youtube.com/watch?v=uBlbJ8Hqaew,,7095,1,False,True,0.0,9778,False,0.92,0.98,2.08,0.79,0.03,0.03,0.78,0.16,0,2,False,2.16,0.69,0.03,0.04,0.68,0.24,0.01,2,False,0.41,0.29,0.3,0.55,0.83,0.95,0.48,0.44,0.74,0.66,0.03,0.14,0.47,0.01,0.6,0.17,0.22,9278,gen-dec-1789799812-LDtLx6fHW2dXHjd2672e,,typesafe/jev-1.13-20260917,True,Reversed - Authored Opinion ~ and Remanded.,False,,False,,
uDQmxRfstGs,6D2023-3281,"Oral Argument September 11, 2025 Case # 23-3281",GEICO GENERAL INSURANCE COMPANY VS PATRICK N. YVARS,20250912,2025-10-17,mixed,affirm,0.15,False,0,0.22,0.25,critical,,,False,False,,,2495,71,https://www.youtube.com/watch?v=uDQmxRfstGs,,7191,80,True,False,58.8,9907,False,0.93,0.98,2.2,0.79,0.01,0.01,0.76,0.22,0,2,False,2.14,0.7,0.05,0.02,0.6799999999999999,0.25,0,2,False,0.43,0.19,0.38,0.37,0.35,0.18,0.4,0.49,0.71,0.49,0.02,0.1,0.64,0,0.73,0.17,0.1,10915,gen-dec-1789799812-lpDzDcdcZzuE3Z4f0OcO,,typesafe/jev-1.13-20260917,True,Affirmed in Part; Reversed in Part; and Remanded with instructions.,True,,False,,
vsi9C-1Mric,6D2025-0451,"Oral Argument - December 4, 2025 - Case # 25-0451","BRAYAN A. SAGASTUME MIRLALDA, as driver, CONCRETE HOLDINGS & SERVICES, LLC a/k/a and/or d/b/a C&C CONCRETE PUMPING, C&C CONCRETE PUMPING OF ORLANDO, INC. a/k/a and/or C&C CONCRETE PUMPING OF ORLANDO, C&C SERVICES ORLANDO, LLC a/k/a and/or d/b/a C&C CONCRETE PUMPING OF ORLANDO, C&C CONCRETE PUMPING OF TAMPA, LLC, C&C SERVICES GROUP, LLC, and JOSE CANCIO",20251204,2026-02-27,reverse,reverse,0.81,True,0,0.06,0.13,neutral,Nardella,Nardella,False,False,,,2964,88,https://www.youtube.com/watch?v=vsi9C-1Mric,,10351,106,True,False,61.3,14173,False,0.94,0.98,1.64,0.59,0.17,0.08,0.68,0.06,0,2,False,2.09,0.86,0.01,0.01,0.85,0.13,0,2,False,0.02,0.11,0.87,0.65,0.2,0.66,0.41,0.32,0.58,0.55,0.01,0.04,0.28,0.01,0.4,0.14,0.45,15092,gen-dec-1789799812-M1DXQt5JJSPqK3E3vMGo,,typesafe/jev-1.13-20260917,True,Reversed.,False,,False,,
w2ulUjwunOA,6D2024-1772,"Oral Argument - December 11, 2025 - Case # 24-1772","COMELCO, INC v. FCCI INSURANCE COMPANY",20251211,2025-12-16,affirm,reverse,0.23,False,-1,0.4,0.42,critical,,,True,False,,,2289,80,https://www.youtube.com/watch?v=w2ulUjwunOA,,6520,92,True,False,73.9,9002,False,0.93,0.98,2.24,0.53,0.08,0.01,0.51,0.39,0.01,2,False,2.12,0.39,0.12,0.06,0.4,0.41000000000000003,0.01,3,False,0.37,0.14,0.49,0.44,0.66,0.03,0.55,0.43,0.64,0.51,0.02,0.06,1,0,1,0,0,10548,gen-dec-1789799812-8iECcOxAOAgKs8xyqe5J,,typesafe/jev-1.13-20260917,True,Affirmed PCA,True,,False,,
wFPqhU1M460,6D2023-1545,"6DCA - LAW DAY - Barry University - March 18, 2025 - Case# 23-1545 & 23-1546","SALONI THAKKAR VS GOOD GATEWAY, LLC, ORLANDO GATEWAY PARTNERS, LLC, NILHAN HOSPITALITY, LLC, NILOY AND ROHAN, LLC,",20250320,2025-04-01,affirm,affirm,0.33,True,1,0.52,0.36,critical,,,True,False,,,3725,172,https://www.youtube.com/watch?v=wFPqhU1M460,,11099,1,False,True,0.0,15183,False,0.94,0.97,2.5,0.55,0.02,0.01,0.45,0.5,0.02,3,False,2.18,0.53,0.07,0.05,0.52,0.34,0.02,2,False,0.55,0.29,0.16,0.65,0.93,0.11,0.54,0.44,0.7,0.59,0.02,0.09,0.61,0,0.71,0.17,0.12,13576,gen-dec-1789799812-GnihYZjAtMfSawW5x7kg,,typesafe/jev-1.13-20260917,True,Affirmed PCA,True,,False,,
wiCvs388vT4,6D2024-2185,Oral Argument 3/17/2026 Case # 24-2185,,20260317,,,reverse,0.26,,-1,0.06,0.85,critical,,,,,,,2471,97,https://www.youtube.com/watch?v=wiCvs388vT4,,7307,94,True,False,64.9,10064,False,0.95,0.98,1.39,0.39,0.27,0.13,0.54,0.06,0,2,True,3.02,0.73,0,0,0.15,0.68,0.17,3,False,0.42,0.07,0.51,0.18,0.88,0.02,0.41,0.93,0.66,0.79,0.02,0.06,0.88,0,0.91,0.06,0.03,11168,gen-dec-1789799812-2MmwWBe6wN1ZLn6uY3hi,,typesafe/jev-1.13-20260917,False,,,,,,
yXqI-vSVxpk,6D2024-1679,"Oral Argument - November 4, 2025 - Case # 24-1679",KONSTANTINE K. YANKOPOLUS v. TERRI YANKOPOLUS n/k/a TERRI TURNER,20251104,2025-11-10,affirm,affirm,0.58,True,1,0.59,0.42,critical,,,True,False,,,1805,139,https://www.youtube.com/watch?v=yXqI-vSVxpk,,5524,93,False,False,68.8,7657,False,0.94,0.98,2.63,0.58,0.01,0,0.4,0.52,0.07,3,False,2.2,0.36,0.12,0.05,0.41,0.36,0.06,2,False,0.72,0.02,0.26,0.07,0.75,0.02,0.92,0.79,0.84,0.53,0.02,0.07,0.63,0,0.73,0.26,0.01,9392,gen-dec-1789799812-bfxZlwNrPoF10hPz69bb,,typesafe/jev-1.13-20260917,True,Affirmed PCA,True,,False,,
z0fN3fBjRYI,6D2024-0955,Oral Argument 02/12/2026-Case # 24-0955,"GLORIA WALTON v. WESTGATE LAKES, LLC",20260212,2026-02-17,affirm,affirm,0.23,True,1,0.61,0.24,critical,,,True,False,,,1976,51,https://www.youtube.com/watch?v=z0fN3fBjRYI,,5988,110,True,False,70.9,8283,False,0.94,0.98,2.66,0.61,0.01,0,0.38,0.55,0.06,3,False,1.95,0.55,0.12,0.06,0.58,0.23,0.01,2,False,0.48,0.1,0.42,0.57,0.77,0.02,0.88,0.52,0.62,0.66,0.01,0.03,0.69,0.02,0.77,0.11,0.1,10150,gen-dec-1789799812-gXSZOqCTzKYSBWQeFUzy,,typesafe/jev-1.13-20260917,True,Affirmed PCA,True,,False,,
zzYFMcP3Ufk,6D2025-0138,Oral Argument 05/21/2026 Case #25-0138,PROGRESSIVE AMERICAN INSURANCE COMPANY v. MARY ALDERMAN,20260522,2026-06-02,affirm,affirm,0.45,True,0,0.06,0.04,critical,,,True,False,,,2733,69,https://www.youtube.com/watch?v=zzYFMcP3Ufk,,6821,9,False,True,33.3,9408,False,0.94,0.98,2.02,0.92,0.01,0.02,0.91,0.06,0,2,False,1.63,0.62,0.11,0.2,0.65,0.04,0,2,False,0.63,0.21,0.16,0.17,0.36,0.02,0.19,0.17,0.6,0.47,0.02,0.04,0.15,0.01,0.37,0.29,0.33,10244,gen-dec-1789799812-pFdIYwTy518t1ykHn7ky,,typesafe/jev-1.13-20260917,True,Affirmed PCA,True,,False,,
