"h2","h2 href","d-flex","d-files","cardText 2","cardText 3","cardText 4","cardText 5","cardText 6","cardText 7","cardText 8","cardText 9","cardText 10","cardText 11","cardText 12","cardText 13","cardText 14","cardText 15","judge-link","judge-link href","trellis-loading src","judge-hover-footer","judge-follow-link","cardText 16","cardText 17"
"Pinnacol Assurance v. Twohig, Paul et al","https://trellis.law/case/8097/2026cv030035/pinnacol-assurance-v-twohig-paul-et-al","On March 6, 2026 a case was filed
        
        
        
        
            
            in the jurisdiction of Pitkin County.
        
        
            
                Judge Laura C Makar presiding.","5 Files","Mar 06, 2026","Judge","Hon. Laura C Makar","Court","Pitkin County","County","Pitkin County, CO","Case #","Practice Area","Torts","Matter Type","General Negligence","Case Last Refreshed","Mar 10, 2026","","","","","","",""
"Deep, David v. Epic Home Management LLC et al","https://trellis.law/case/8097/2026cv030084/deep-david-v-epic-home-management-llc-et-al","On May 13, 2026 a case was filed
        
        
        
        
            
            in the jurisdiction of Pitkin County.
        
        
            
                Judge Elise Victoria Myer presiding.","6 Files","May 13, 2026","Judge","Hon. Elise Victoria Myer","Court","Pitkin County","County","Pitkin County, CO","Case #","Case Last Refreshed","May 15, 2026","","","","","","","","","","",""
"Setterfield Realtors Inc v. 420 W Main LLC","https://trellis.law/case/8097/2026cv030009/setterfield-realtors-inc-v-420-w-main-llc","On January 20, 2026 a case was filed
        
        
        
        
            
            in the jurisdiction of Pitkin County.
        
        
            
                Judge Elise Victoria Myer presiding.","3 Files","Jan 20, 2026","Judge","Hon. Elise Victoria Myer","Court","Pitkin County","County","Pitkin County, CO","Case #","Case Last Refreshed","Jan 22, 2026","Practice Area","Commercial","Matter Type","Breach of Contract","","","","","","",""
"Ww 184 LLC v. Lee, James Spencer et al","https://trellis.law/case/8097/2026cv030065/ww-184-llc-v-lee-james-spencer-et-al","On April 16, 2026 a case was filed
        
        
        
        
            
            in the jurisdiction of Pitkin County.
        
        
            
                Judge Laura C Makar presiding.","4 Files","Apr 16, 2026","Judge","Hon. Laura C Makar","Court","Pitkin County","County","Pitkin County, CO","Case #","Case Last Refreshed","Apr 17, 2026","Practice Area","Property","Matter Type","Quiet Title","","","","","","",""
"U S Bank National Association v. Hewitt, Elizabeth A","https://trellis.law/case/8097/2026cv030047/u-s-bank-national-association-v-hewitt-elizabeth-a","On March 25, 2026 a case was filed
        
        
        
        
            
            in the jurisdiction of Pitkin County.
        
        
            
                Judge Laura C Makar presiding.","4 Files","Mar 25, 2026","Judge","Hon. Laura C Makar","Court","Pitkin County","County","Pitkin County, CO","Case #","Case Last Refreshed","Mar 27, 2026","Practice Area","Creditor","Matter Type","Consumer Debt","","","","","","",""
"Libby, Russell et al v. Coleman Construction LLC et al","https://trellis.law/case/8097/2026cv030018/libby-russell-et-al-v-coleman-construction-llc-et-al","On February 13, 2026 a case was filed
        
        
        
        
            
            in the jurisdiction of Pitkin County.
        
        
            
                Judge Susan Ryan presiding.","5 Files","Feb 13, 2026","Judge","Hon. Susan Ryan","Court","Pitkin County","County","Pitkin County, CO","Case #","Case Last Refreshed","Feb 18, 2026","Practice Area","Commercial","Matter Type","Breach of Contract","","","","","","",""
"Koehne, Cheryl J et al v. Elias, Charles et al","https://trellis.law/case/8097/2026cv030000/koehne-cheryl-j-et-al-v-elias-charles-et-al","On January 1, 2026 a case was filed
        
        
        
        
            
            in the jurisdiction of Pitkin County.
        
        
            
                Judge Alexander Haynes presiding.","4 Files","Jan 01, 2026","Judge","Hon. Alexander Haynes","Court","Pitkin County","County","Pitkin County, CO","Case #","Case Last Refreshed","Jan 03, 2026","Practice Area","Torts","Matter Type","General Negligence","","","","","","",""
"Tiel Trust Fbo Paula T Douglass v. 42400 Highway 82 Acquisition LLC","https://trellis.law/case/8097/2026cv030006/tiel-trust-fbo-paula-t-douglass-v-42400-highway-82-acquisition-llc","On January 14, 2026 a case was filed
        
        
        
        
            
            in the jurisdiction of Pitkin County.
        
        
            
                Judge Alexander Haynes presiding.","2 Files","Jan 14, 2026","Judge","Hon. Alexander Haynes","Court","Pitkin County","County","Pitkin County, CO","Case #","Case Last Refreshed","Jan 16, 2026","Practice Area","Civil","Matter Type","Declaratory Action","","","","","","",""
"Winchester, Robert et al v. State Farm Fire And Casualty Company","https://trellis.law/case/8097/2025cv030001/winchester-robert-et-al-v-state-farm-fire-casualty-company","On January 13, 2025 a case was filed
        
        
        
        
            
            in the jurisdiction of Pitkin County.
        
        
            
                Judge Denise K. Lynch presiding.","4 Files","Jan 13, 2025","Judge","","Court","Pitkin County","County","Pitkin County, CO","Case #","Case Last Refreshed","Jan 21, 2025","Practice Area","Commercial","Matter Type","Breach of Contract","Hon. Denise K. Lynch","https://trellis.law/judge/denise.k.lynch?at_a_glance=True","https://static-web-assets.vuean5bcdnek.trellis.law/static-assets/v2026-06-11T23-33-27Z-master-12ba455/global/loader-4-css.svg","👉 Discover key insights by exploring","more analytics for Denise K. Lynch","",""
"Castle Creek Investors Inc v. Climax Mining And Milling Company Inc et al","https://trellis.law/case/8097/2025cv030017/castle-creek-investors-inc-v-climax-mining-milling-company-inc-et-al","On February 28, 2025 a case was filed
        
        
        
        
            
            in the jurisdiction of Pitkin County.
        
        
            
                Judge Laura C Makar presiding.","9 Files","Feb 28, 2025","Judge","Hon. Laura C Makar","Court","Pitkin County","County","Pitkin County, CO","Case #","Case Last Refreshed","Mar 05, 2025","","","","","","","","","","",""
"The Hemisphere Condominium Association v. 2000 Ocean Owner LLC","https://trellis.law/case/8097/2025cv000001/hemisphere-condominium-association-v-2000-ocean-owner-llc","On February 19, 2025 a case was filed
        
        
        
        
            
            in the jurisdiction of Pitkin County.
        
        
            
                Judge Laura C Makar presiding.","4 Files","Feb 19, 2025","Judge","Hon. Laura C Makar","Court","Pitkin County","County","Pitkin County, CO","Case #","Case Last Refreshed","Oct 20, 2025","Practice Area","Civil","Matter Type","Discovery","","","","","","",""
"Knight, Lester v. Hyman LLC","https://trellis.law/case/8097/2025cv030026/knight-lester-v-hyman-llc","On March 17, 2025 a case was filed
        
        
        
        
            
            in the jurisdiction of Pitkin County.
        
        
            
                Judge Laura C Makar presiding.","4 Files","Mar 17, 2025","Judge","Hon. Laura C Makar","Court","Pitkin County","County","Pitkin County, CO","Case #","Case Last Refreshed","Mar 20, 2025","Practice Area","Commercial","Matter Type","Breach of Contract","","","","","","",""
"Bridger, Robert v. Platt, Craig et al","https://trellis.law/case/8097/2025cv030150/bridger-robert-v-platt-craig-et-al","On December 4, 2025 a case was filed
        
        
        
        
            
            in the jurisdiction of Pitkin County.
        
        
            
                Judge Alexander Haynes presiding.","2 Files","Dec 04, 2025","Judge","Hon. Alexander Haynes","Court","Pitkin County","County","Pitkin County, CO","Case #","Case Last Refreshed","Dec 09, 2025","Practice Area","Civil","Matter Type","Declaratory Action","","","","","","",""
"Morgan Stanley Private Bank Na v. Venetos, Jon P et al","https://trellis.law/case/8097/2025cv030147/morgan-stanley-private-bank-na-v-venetos-jon-p-et-al","On November 26, 2025 a case was filed
        
        
        
        
            
            in the jurisdiction of Pitkin County.
        
        
            
                Judge Laura C Makar presiding.","1 File","Nov 26, 2025","Status","Foreign,Sister-State Judgment","Judge","Hon. Laura C Makar","Court","Pitkin County","Case #","Case Last Refreshed","Nov 27, 2025","Practice Area","Creditor","Matter Type","Judgment Enforcement","","","","","","County","Pitkin County, CO"
"Aronson, Laurie v. The Aspen Mountain Residences","https://trellis.law/case/8097/2024cv030055/aronson-laurie-v-aspen-mountain-residences","On June 24, 2024 a case was filed
        
        
        
        
            
            in the jurisdiction of Pitkin County.
        
        
            
                Judge Elise Victoria Myer presiding.","5 Files","Jun 24, 2024","Status","Other","Judge","Hon. Elise Victoria Myer","Court","Pitkin County","Case #","Case Last Refreshed","Jun 27, 2024","Practice Area","Civil","Matter Type","Injunctive Action","","","","","","County","Pitkin County, CO"
"Pinnacol Assurance v. Molina Construction LLC","https://trellis.law/case/8097/2024cv030023/pinnacol-assurance-v-molina-construction-llc","On March 13, 2024 a case was filed
        
        
        
        
            
            in the jurisdiction of Pitkin County.
        
        
            
                Judge Elise Victoria Myer presiding.","3 Files","Mar 13, 2024","Judge","Hon. Elise Victoria Myer","Court","Pitkin County","County","Pitkin County, CO","Case #","Case Last Refreshed","Mar 15, 2024","","","","","","","","","","",""
"Espinoza, Jesse v. Twohig, Paul et al","https://trellis.law/case/8097/2024cv030092/espinoza-jesse-v-twohig-paul-et-al","On October 28, 2024 a case was filed
        
        
        
        
            
            in the jurisdiction of Pitkin County.
        
        
            
                Judge Laura C Makar presiding.","4 Files","Oct 28, 2024","Judge","Hon. Laura C Makar","Court","Pitkin County","County","Pitkin County, CO","Case #","Case Last Refreshed","Oct 29, 2024","Practice Area","Torts","Matter Type","Automobile","","","","","","",""
"Wells Fargo Bank Na v. Miller, Charles M","https://trellis.law/case/8097/2024cv030010/wells-fargo-bank-na-v-miller-charles-m","On January 31, 2024 a case was filed
        
        
        
        
            
            in the jurisdiction of Pitkin County.
        
        
            
                Judge Christopher G. Seldin presiding.","5 Files","Jan 31, 2024","Judge","","Court","Pitkin County","County","Pitkin County, CO","Case #","Case Last Refreshed","Feb 01, 2024","Practice Area","Creditor","Matter Type","Consumer Debt","Hon. Christopher G. Seldin","https://trellis.law/judge/christopher.g.seldin?at_a_glance=True","https://static-web-assets.vuean5bcdnek.trellis.law/static-assets/v2026-06-11T23-33-27Z-master-12ba455/global/loader-4-css.svg","👉 Discover key insights by exploring","more analytics for Christopher G. Seldin","",""
"Carpenter, Hillary Brigid v. Sands, Jason Aaron","https://trellis.law/case/8097/2024cv030103/carpenter-hillary-brigid-v-sands-jason-aaron","On November 14, 2024 a case was filed
        
        
        
        
            
            in the jurisdiction of Pitkin County.
        
        
            
                Judge Elise Victoria Myer presiding.","3 Files","Nov 14, 2024","Judge","Hon. Elise Victoria Myer","Court","Pitkin County","County","Pitkin County, CO","Case #","Case Last Refreshed","Nov 16, 2024","","","","","","","","","","",""
"Borderick, Mark v. Everett, Edward","https://trellis.law/case/8097/2024cv030088/borderick-mark-v-everett-edward","On October 2, 2024 a case was filed
        
        
        
        
            
            in the jurisdiction of Pitkin County.
        
        
            
                Judge Christopher G. Seldin presiding.","4 Files","Oct 02, 2024","Judge","","Court","Pitkin County","County","Pitkin County, CO","Case #","Case Last Refreshed","Oct 03, 2024","Practice Area","Torts","Matter Type","Personal Injury","Hon. Christopher G. Seldin","https://trellis.law/judge/christopher.g.seldin?at_a_glance=True","https://static-web-assets.vuean5bcdnek.trellis.law/static-assets/v2026-06-11T23-33-27Z-master-12ba455/global/loader-4-css.svg","👉 Discover key insights by exploring","more analytics for Christopher G. Seldin","",""
"928 S Mill LLC v. Cadwell, Ira Ronald","https://trellis.law/case/8097/2023cv030060/928-s-mill-llc-v-cadwell-ira-ronald","On June 26, 2023 a case was filed
        
        
        
        
            
            in the jurisdiction of Pitkin County.
        
        
            
                Judge Christopher G. Seldin presiding.","2 Files","Jun 26, 2023","Judge","","Court","Pitkin County","County","Pitkin County, CO","Case #","Case Last Refreshed","Jun 27, 2023","Practice Area","Torts","Matter Type","General Negligence","Hon. Christopher G. Seldin","https://trellis.law/judge/christopher.g.seldin?at_a_glance=True","https://static-web-assets.vuean5bcdnek.trellis.law/static-assets/v2026-06-11T23-33-27Z-master-12ba455/global/loader-4-css.svg","👉 Discover key insights by exploring","more analytics for Christopher G. Seldin","",""
"Solondz, Tami v. Volvo Car Usa LLC","https://trellis.law/case/8097/2023cv030121/solondz-tami-v-volvo-car-usa-llc","On November 18, 2023 a case was filed
        
        
        
        
            
            in the jurisdiction of Pitkin County.
        
        
            
                Judge Denise K. Lynch presiding.","4 Files","Nov 18, 2023","Judge","","Court","Pitkin County","County","Pitkin County, CO","Case #","Case Last Refreshed","Nov 21, 2023","Practice Area","Commercial","Matter Type","Breach of Contract","Hon. Denise K. Lynch","https://trellis.law/judge/denise.k.lynch?at_a_glance=True","https://static-web-assets.vuean5bcdnek.trellis.law/static-assets/v2026-06-11T23-33-27Z-master-12ba455/global/loader-4-css.svg","👉 Discover key insights by exploring","more analytics for Denise K. Lynch","",""
"Helm, Jessica v. Capitol Peak Outfitters Inc et al","https://trellis.law/case/8097/2023cv030052/helm-jessica-v-capitol-peak-outfitters-inc-et-al","On May 29, 2023 a case was filed
        
        
        
        
            
            in the jurisdiction of Pitkin County.
        
        
            
                Judge Christopher G. Seldin presiding.","6 Files","May 29, 2023","Judge","","Court","Pitkin County","County","Pitkin County, CO","Case #","Case Last Refreshed","Jun 01, 2023","Practice Area","Torts","Matter Type","Personal Injury","Hon. Christopher G. Seldin","https://trellis.law/judge/christopher.g.seldin?at_a_glance=True","https://static-web-assets.vuean5bcdnek.trellis.law/static-assets/v2026-06-11T23-33-27Z-master-12ba455/global/loader-4-css.svg","👉 Discover key insights by exploring","more analytics for Christopher G. Seldin","",""
"Kristin Dittmar Design Llc vs 603 S Garmisch Llc","https://trellis.law/case/8097/2023cv030008/kristin-dittmar-design-llc-vs-603-s-garmisch-llc","On January 30, 2023 a case was filed
        
        
        
        
            
            in the jurisdiction of Pitkin County.
        
        
            
                Judge Christopher G. Seldin presiding.","13 Files","Jan 30, 2023","Judge","","Court","Pitkin County","County","Pitkin County, CO","Case #","Case Last Refreshed","Apr 02, 2023","","","","","Hon. Christopher G. Seldin","https://trellis.law/judge/christopher.g.seldin?at_a_glance=True","https://static-web-assets.vuean5bcdnek.trellis.law/static-assets/v2026-06-11T23-33-27Z-master-12ba455/global/loader-4-css.svg","👉 Discover key insights by exploring","more analytics for Christopher G. Seldin","",""
"Wells, Richard v. Aig Property Casualty Company","https://trellis.law/case/8097/2023cv030099/wells-richard-v-aig-property-casualty-company","On September 18, 2023 a case was filed
        
        
        
        
            
            in the jurisdiction of Pitkin County.
        
        
            
                Judge Denise K. Lynch presiding.","3 Files","Sep 18, 2023","Judge","","Court","Pitkin County","County","Pitkin County, CO","Case #","Case Last Refreshed","Sep 20, 2023","Practice Area","Commercial","Matter Type","Breach of Contract","Hon. Denise K. Lynch","https://trellis.law/judge/denise.k.lynch?at_a_glance=True","https://static-web-assets.vuean5bcdnek.trellis.law/static-assets/v2026-06-11T23-33-27Z-master-12ba455/global/loader-4-css.svg","👉 Discover key insights by exploring","more analytics for Denise K. Lynch","",""
"Pauline M Mayer Family Limited Ptship v. Welsh, Ellen et al","https://trellis.law/case/8097/2023cv030145/pauline-m-mayer-family-limited-ptship-v-welsh-ellen-et-al","On December 28, 2023 a case was filed
        
        
        
        
            
            in the jurisdiction of Pitkin County.
        
        
            
                Judge Christopher G. Seldin presiding.","7 Files","Dec 28, 2023","Judge","","Court","Pitkin County","County","Pitkin County, CO","Case #","Case Last Refreshed","Dec 30, 2023","Practice Area","Property","Matter Type","Quiet Title","Hon. Christopher G. Seldin","https://trellis.law/judge/christopher.g.seldin?at_a_glance=True","https://static-web-assets.vuean5bcdnek.trellis.law/static-assets/v2026-06-11T23-33-27Z-master-12ba455/global/loader-4-css.svg","👉 Discover key insights by exploring","more analytics for Christopher G. Seldin","",""
"Michel Bervaldi vs Charity Merrill","https://trellis.law/case/8097/2022cv030018/michel-bervaldi-vs-charity-merrill","On March 9, 2022 a case was filed
        
        
        
        
            
            in the jurisdiction of Pitkin County.
        
        
            
                Judge John F. Neiley presiding.","19 Files","Mar 09, 2022","Status","Dismissal","Judge","","Court","Pitkin County","Case #","Case Last Refreshed","May 26, 2023","","","","","Hon. John F. Neiley","https://trellis.law/judge/john.f.neiley?at_a_glance=True","https://static-web-assets.vuean5bcdnek.trellis.law/static-assets/v2026-06-11T23-33-27Z-master-12ba455/global/loader-4-css.svg","👉 Discover key insights by exploring","more analytics for John F. Neiley","County","Pitkin County, CO"
"Sopris Steel LLC v. Silich Construction Inc","https://trellis.law/case/8097/2022cv030038/sopris-steel-llc-v-silich-construction-inc","On May 9, 2022 a case was filed
        
        
        
        
            
            in the jurisdiction of Pitkin County.
        
        
            
                Judge John F. Neiley presiding.","34 Files","May 09, 2022","Status","Dismissal","Judge","","Court","Pitkin County","Case #","Case Last Refreshed","May 25, 2023","Practice Area","Creditor","Matter Type","Consumer Debt","Hon. John F. Neiley","https://trellis.law/judge/john.f.neiley?at_a_glance=True","https://static-web-assets.vuean5bcdnek.trellis.law/static-assets/v2026-06-11T23-33-27Z-master-12ba455/global/loader-4-css.svg","👉 Discover key insights by exploring","more analytics for John F. Neiley","County","Pitkin County, CO"
"Jobes, John Lewis et al v. Merino Labelle, Carlos","https://trellis.law/case/8097/2022cv030106/jobes-john-lewis-et-al-v-merino-labelle-carlos","On November 15, 2022 a case was filed
        
        
        
        
            
            in the jurisdiction of Pitkin County.
        
        
            
                Judge Denise K. Lynch presiding.","16 Files","Nov 15, 2022","Judge","","Court","Pitkin County","County","Pitkin County, CO","Case #","Case Last Refreshed","May 25, 2023","Practice Area","Torts","Matter Type","Automobile","Hon. Denise K. Lynch","https://trellis.law/judge/denise.k.lynch?at_a_glance=True","https://static-web-assets.vuean5bcdnek.trellis.law/static-assets/v2026-06-11T23-33-27Z-master-12ba455/global/loader-4-css.svg","👉 Discover key insights by exploring","more analytics for Denise K. Lynch","",""
"Kith And Kin Llc vs B And H General Contractors Inc et al","https://trellis.law/case/8097/2022cv030006/kith-kin-llc-vs-b-h-general-contractors-inc-et-al","On January 19, 2022 a case was filed
        
        
        
        
            
            in the jurisdiction of Pitkin County.
        
        
            
                Judge Denise K. Lynch presiding.","84 Files","Jan 19, 2022","Judge","","Court","Pitkin County","County","Pitkin County, CO","Case #","Case Last Refreshed","May 25, 2023","","","","","Hon. Denise K. Lynch","https://trellis.law/judge/denise.k.lynch?at_a_glance=True","https://static-web-assets.vuean5bcdnek.trellis.law/static-assets/v2026-06-11T23-33-27Z-master-12ba455/global/loader-4-css.svg","👉 Discover key insights by exploring","more analytics for Denise K. Lynch","",""
"42400 Highway 82 Acquisition Llc vs Tiel Trust I Fbo Paula T Douglass","https://trellis.law/case/8097/2022cv030091/42400-highway-82-acquisition-llc-vs-tiel-trust-i-fbo-paula-t-douglass","On September 27, 2022 a case was filed
        
        
        
        
            
            in the jurisdiction of Pitkin County.
        
        
            
                Judge Anne K. Norrdin presiding.","18 Files","Sep 27, 2022","Status","Consolidation","Judge","","Court","Pitkin County","Case #","Case Last Refreshed","May 26, 2023","","","","","Hon. Anne K. Norrdin","https://trellis.law/judge/anne.k.norrdin?at_a_glance=True","https://static-web-assets.vuean5bcdnek.trellis.law/static-assets/v2026-06-11T23-33-27Z-master-12ba455/global/loader-4-css.svg","👉 Discover key insights by exploring","more analytics for Anne K. Norrdin","County","Pitkin County, CO"
"Kdr Trust v. City Of Aspen","https://trellis.law/case/8097/2022cv030056/kdr-trust-v-city-aspen","On June 13, 2022 a case was filed
        
        
        
        
            
            in the jurisdiction of Pitkin County.
        
        
            
                Judge Christopher G. Seldin presiding.","29 Files","Jun 13, 2022","Status","Appealed","Judge","","Court","Pitkin County","Case #","Case Last Refreshed","May 26, 2023","","","","","Hon. Christopher G. Seldin","https://trellis.law/judge/christopher.g.seldin?at_a_glance=True","https://static-web-assets.vuean5bcdnek.trellis.law/static-assets/v2026-06-11T23-33-27Z-master-12ba455/global/loader-4-css.svg","👉 Discover key insights by exploring","more analytics for Christopher G. Seldin","County","Pitkin County, CO"
"Weiner Finance LLC v. The Great Fraser Fir Company et al","https://trellis.law/case/8097/2021cv030065/weiner-finance-llc-v-great-fraser-fir-company-et-al","On July 8, 2021 a case was filed
        
        
        
        
            
            in the jurisdiction of Pitkin County.
        
        
            
                Judge Christopher G. Seldin presiding.","17 Files","Jul 08, 2021","Status","Foreign,Sister-State Judgment","Judge","","Court","Pitkin County","Case #","Case Last Refreshed","Jun 08, 2023","Practice Area","Creditor","Matter Type","Judgment Enforcement","Hon. Christopher G. Seldin","https://trellis.law/judge/christopher.g.seldin?at_a_glance=True","https://static-web-assets.vuean5bcdnek.trellis.law/static-assets/v2026-06-11T23-33-27Z-master-12ba455/global/loader-4-css.svg","👉 Discover key insights by exploring","more analytics for Christopher G. Seldin","County","Pitkin County, CO"
"100 East Main Street LLC v. The Dire Wolf Project LLC et al","https://trellis.law/case/8097/2021cv030040/100-east-main-street-llc-v-dire-wolf-project-llc-et-al","On April 5, 2021 a case was filed
        
        
        
        
            
            in the jurisdiction of Pitkin County.
        
        
            
                Judge Anne K. Norrdin presiding.","4 Files","Apr 05, 2021","Status","Dismissal","Judge","","Court","Pitkin County","Case #","Case Last Refreshed","Jun 08, 2023","Practice Area","Creditor","Matter Type","Consumer Debt","Hon. Anne K. Norrdin","https://trellis.law/judge/anne.k.norrdin?at_a_glance=True","https://static-web-assets.vuean5bcdnek.trellis.law/static-assets/v2026-06-11T23-33-27Z-master-12ba455/global/loader-4-css.svg","👉 Discover key insights by exploring","more analytics for Anne K. Norrdin","County","Pitkin County, CO"
"DC Rienks Custom Construction Inc A Colo v. Katch As Trustee Of The Lisa Gutner Gst, Ronald","https://trellis.law/case/8097/2021cv030093/dc-rienks-custom-construction-inc-a-colo-v-katch-as-trustee-lisa-gutner-gst-ronald","On September 13, 2021 a case was filed
        
        
        
        
            
            in the jurisdiction of Pitkin County.
        
        
            
                Judge Christopher G. Seldin presiding.","10 Files","Sep 13, 2021","Status","Dismissal","Judge","","Court","Pitkin County","Case #","Case Last Refreshed","Jun 07, 2023","","","","","Hon. Christopher G. Seldin","https://trellis.law/judge/christopher.g.seldin?at_a_glance=True","https://static-web-assets.vuean5bcdnek.trellis.law/static-assets/v2026-06-11T23-33-27Z-master-12ba455/global/loader-4-css.svg","👉 Discover key insights by exploring","more analytics for Christopher G. Seldin","County","Pitkin County, CO"
"Wang, Angi v. Pinons LLC et al","https://trellis.law/case/8097/2021cv030058/wang-angi-v-pinons-llc-et-al","On June 15, 2021 a case was filed
        
        
        
        
            
            in the jurisdiction of Pitkin County.
        
        
            
                Judge John F. Neiley presiding.","40 Files","Jun 15, 2021","Status","Dismissal","Judge","","Court","Pitkin County","Case #","Case Last Refreshed","Jun 08, 2023","Practice Area","Commercial","Matter Type","Breach of Contract","Hon. John F. Neiley","https://trellis.law/judge/john.f.neiley?at_a_glance=True","https://static-web-assets.vuean5bcdnek.trellis.law/static-assets/v2026-06-11T23-33-27Z-master-12ba455/global/loader-4-css.svg","👉 Discover key insights by exploring","more analytics for John F. Neiley","County","Pitkin County, CO"
"Eaten Path LLC Dba Bosq v. Nationwide Mutual Insurance Company et al","https://trellis.law/case/8097/2021cv030030/eaten-path-llc-dba-bosq-v-nationwide-mutual-insurance-company-et-al","On March 15, 2021 a case was filed
        
        
        
        
            
            in the jurisdiction of Pitkin County.
        
        
            
                Judge Christopher G. Seldin presiding.","4 Files","Mar 15, 2021","Status","Dismissal","Judge","","Court","Pitkin County","Case #","Case Last Refreshed","Jun 08, 2023","Practice Area","Commercial","Matter Type","Breach of Contract","Hon. Christopher G. Seldin","https://trellis.law/judge/christopher.g.seldin?at_a_glance=True","https://static-web-assets.vuean5bcdnek.trellis.law/static-assets/v2026-06-11T23-33-27Z-master-12ba455/global/loader-4-css.svg","👉 Discover key insights by exploring","more analytics for Christopher G. Seldin","County","Pitkin County, CO"
"Storm King Mechanical LLC v. Asp Properties LLC et al","https://trellis.law/case/8097/2021cv030015/storm-king-mechanical-llc-v-asp-properties-llc-et-al","On January 29, 2021 a case was filed
        
        
        
        
            
            in the jurisdiction of Pitkin County.
        
        
            
                Judge Christopher G. Seldin presiding.","21 Files","Jan 29, 2021","Status","Consolidation","Judge","","Court","Pitkin County","Case #","Case Last Refreshed","Jun 08, 2023","Practice Area","Property","Matter Type","Foreclosure","Hon. Christopher G. Seldin","https://trellis.law/judge/christopher.g.seldin?at_a_glance=True","https://static-web-assets.vuean5bcdnek.trellis.law/static-assets/v2026-06-11T23-33-27Z-master-12ba455/global/loader-4-css.svg","👉 Discover key insights by exploring","more analytics for Christopher G. Seldin","County","Pitkin County, CO"
"Can IV Packard Square LLC v. 306 Associates LLC et al","https://trellis.law/case/8097/2020cv030029/can-iv-packard-square-llc-v-306-associates-llc-et-al","On March 9, 2020 a case was filed
        
        
        
        
            
            in the jurisdiction of Pitkin County.
        
        
            
                Judge Christopher G. Seldin presiding.","133 Files","Mar 09, 2020","Status","Other","Judge","","Court","Pitkin County","Case #","Case Last Refreshed","Jun 10, 2023","Practice Area","Commercial","Matter Type","Contractual Fraud","Hon. Christopher G. Seldin","https://trellis.law/judge/christopher.g.seldin?at_a_glance=True","https://static-web-assets.vuean5bcdnek.trellis.law/static-assets/v2026-06-11T23-33-27Z-master-12ba455/global/loader-4-css.svg","👉 Discover key insights by exploring","more analytics for Christopher G. Seldin","County","Pitkin County, CO"
"Hendrickson Construction Inc v. Ajax Mechanical Services Inc","https://trellis.law/case/8097/2020cv030038/hendrickson-construction-inc-v-ajax-mechanical-services-inc","On March 31, 2020 a case was filed
        
        
        
        
            
            in the jurisdiction of Pitkin County.
        
        
            
                Judge Anne K. Norrdin presiding.","18 Files","Mar 31, 2020","Judge","","Court","Pitkin County","County","Pitkin County, CO","Case #","Case Last Refreshed","Jun 11, 2023","Practice Area","Commercial","Matter Type","Breach of Contract","Hon. Anne K. Norrdin","https://trellis.law/judge/anne.k.norrdin?at_a_glance=True","https://static-web-assets.vuean5bcdnek.trellis.law/static-assets/v2026-06-11T23-33-27Z-master-12ba455/global/loader-4-css.svg","👉 Discover key insights by exploring","more analytics for Anne K. Norrdin","",""
"Gallerie Y LLC v. Martin, Jonathan Simon","https://trellis.law/case/8097/2020cv030016/gallerie-y-llc-v-martin-jonathan-simon","On February 3, 2020 a case was filed
        
        
        
        
            
            in the jurisdiction of Pitkin County.
        
        
            
                Judge Christopher G. Seldin presiding.","2 Files","Feb 03, 2020","Status","Foreign,Sister-State Judgment","Judge","","Court","Pitkin County","Case #","Case Last Refreshed","Jun 11, 2023","Practice Area","Creditor","Matter Type","Judgment Enforcement","Hon. Christopher G. Seldin","https://trellis.law/judge/christopher.g.seldin?at_a_glance=True","https://static-web-assets.vuean5bcdnek.trellis.law/static-assets/v2026-06-11T23-33-27Z-master-12ba455/global/loader-4-css.svg","👉 Discover key insights by exploring","more analytics for Christopher G. Seldin","County","Pitkin County, CO"
"301 East Hyman Avenue LLC v. The Prospector Fractional Owners Assoc et al","https://trellis.law/case/8097/2020cv030014/301-east-hyman-avenue-llc-v-prospector-fractional-owners-assoc-et-al","On January 28, 2020 a case was filed
        
        
        
        
            
            in the jurisdiction of Pitkin County.
        
        
            
                Judge Christopher G. Seldin presiding.","20 Files","Jan 28, 2020","Status","Consolidation","Judge","","Court","Pitkin County","Case #","Case Last Refreshed","Jun 11, 2023","Practice Area","Civil","Matter Type","Declaratory Action","Hon. Christopher G. Seldin","https://trellis.law/judge/christopher.g.seldin?at_a_glance=True","https://static-web-assets.vuean5bcdnek.trellis.law/static-assets/v2026-06-11T23-33-27Z-master-12ba455/global/loader-4-css.svg","👉 Discover key insights by exploring","more analytics for Christopher G. Seldin","County","Pitkin County, CO"
"Springfield, Chloe et al v. Estate Of Jillian White","https://trellis.law/case/8097/2020cv030103/springfield-chloe-et-al-v-estate-jillian-white","On November 3, 2020 a case was filed
        
        
        
        
            
            in the jurisdiction of Pitkin County.
        
        
            
                Judge Anne K. Norrdin presiding.","25 Files","Nov 03, 2020","Status","Dismissal","Judge","","Court","Pitkin County","Case #","Case Last Refreshed","Jun 10, 2023","Practice Area","Torts","Matter Type","Automobile","Hon. Anne K. Norrdin","https://trellis.law/judge/anne.k.norrdin?at_a_glance=True","https://static-web-assets.vuean5bcdnek.trellis.law/static-assets/v2026-06-11T23-33-27Z-master-12ba455/global/loader-4-css.svg","👉 Discover key insights by exploring","more analytics for Anne K. Norrdin","County","Pitkin County, CO"
"Full Circle Aspen LLC v. Bellino, Rita Mary et al","https://trellis.law/case/8097/2020cv030074/full-circle-aspen-llc-v-bellino-rita-mary-et-al","On July 27, 2020 a case was filed
        
        
        
        
            
            in the jurisdiction of Pitkin County.
        
        
            
                Judge Christopher G. Seldin presiding.","38 Files","Jul 27, 2020","Judge","","Court","Pitkin County","County","Pitkin County, CO","Case #","Case Last Refreshed","Jun 10, 2023","Practice Area","Commercial","Matter Type","Breach of Contract","Hon. Christopher G. Seldin","https://trellis.law/judge/christopher.g.seldin?at_a_glance=True","https://static-web-assets.vuean5bcdnek.trellis.law/static-assets/v2026-06-11T23-33-27Z-master-12ba455/global/loader-4-css.svg","👉 Discover key insights by exploring","more analytics for Christopher G. Seldin","",""
"Independence Pass LLC v. Shaw Builders LLC et al","https://trellis.law/case/8097/2019cv030122/independence-pass-llc-v-shaw-builders-llc-et-al","On October 25, 2019 a case was filed
        
        
        
        
            
            in the jurisdiction of Pitkin County.
        
        
            
                Judge Christopher G. Seldin presiding.","27 Files","Oct 25, 2019","Status","Dismissal","Judge","","Court","Pitkin County","Case #","Case Last Refreshed","Jul 03, 2023","Practice Area","Civil","Matter Type","Declaratory Action","Hon. Christopher G. Seldin","https://trellis.law/judge/christopher.g.seldin?at_a_glance=True","https://static-web-assets.vuean5bcdnek.trellis.law/static-assets/v2026-06-11T23-33-27Z-master-12ba455/global/loader-4-css.svg","👉 Discover key insights by exploring","more analytics for Christopher G. Seldin","County","Pitkin County, CO"
"Wells Fargo Bank N A v. Murray, Scott A","https://trellis.law/case/8097/2019cv030111/wells-fargo-bank-n-a-v-murray-scott-a","On September 26, 2019 a case was filed
        
        
        
        
            
            in the jurisdiction of Pitkin County.
        
        
            
                Judge John F. Neiley presiding.","31 Files","Sep 26, 2019","Status","Dismissal","Judge","","Court","Pitkin County","Case #","Case Last Refreshed","Jul 03, 2023","Practice Area","Creditor","Matter Type","Consumer Debt","Hon. John F. Neiley","https://trellis.law/judge/john.f.neiley?at_a_glance=True","https://static-web-assets.vuean5bcdnek.trellis.law/static-assets/v2026-06-11T23-33-27Z-master-12ba455/global/loader-4-css.svg","👉 Discover key insights by exploring","more analytics for John F. Neiley","County","Pitkin County, CO"
"Wells Fargo Bank N A v. Fagan, Charles D","https://trellis.law/case/8097/2019cv030040/wells-fargo-bank-n-a-v-fagan-charles-d","On April 19, 2019 a case was filed
        
        
        
        
            
            in the jurisdiction of Pitkin County.
        
        
            
                Judge John F. Neiley presiding.","11 Files","Apr 19, 2019","Judge","","Court","Pitkin County","County","Pitkin County, CO","Case #","Case Last Refreshed","Jul 03, 2023","Practice Area","Probate","Matter Type","Trusts","Hon. John F. Neiley","https://trellis.law/judge/john.f.neiley?at_a_glance=True","https://static-web-assets.vuean5bcdnek.trellis.law/static-assets/v2026-06-11T23-33-27Z-master-12ba455/global/loader-4-css.svg","👉 Discover key insights by exploring","more analytics for John F. Neiley","",""
"Bovino, David A et al v. Pillsbury Winthrop Shaw Pittman Llp","https://trellis.law/case/8097/2019cv030024/bovino-david-a-et-al-v-pillsbury-winthrop-shaw-pittman-llp","On March 18, 2019 a case was filed
        
        
        
        
            
            in the jurisdiction of Pitkin County.
        
        
            
                Judge Christopher G. Seldin presiding.","36 Files","Mar 18, 2019","Judge","","Court","Pitkin County","County","Pitkin County, CO","Case #","Case Last Refreshed","Jul 03, 2023","Practice Area","Civil","Matter Type","Declaratory Action","Hon. Christopher G. Seldin","https://trellis.law/judge/christopher.g.seldin?at_a_glance=True","https://static-web-assets.vuean5bcdnek.trellis.law/static-assets/v2026-06-11T23-33-27Z-master-12ba455/global/loader-4-css.svg","👉 Discover key insights by exploring","more analytics for Christopher G. Seldin","",""
"American Lake LLC et al v. Elk Mountain Lodge LLC et al","https://trellis.law/case/8097/2019cv030101/american-lake-llc-et-al-v-elk-mountain-lodge-llc-et-al","On September 5, 2019 a case was filed
        
        
        
        
            
            in the jurisdiction of Pitkin County.
        
        
            
                Judge Christopher G. Seldin presiding.","34 Files","Sep 05, 2019","Status","Default Judgment","Judge","","Court","Pitkin County","Case #","Case Last Refreshed","Jul 03, 2023","Practice Area","Property","Matter Type","Quiet Title","Hon. Christopher G. Seldin","https://trellis.law/judge/christopher.g.seldin?at_a_glance=True","https://static-web-assets.vuean5bcdnek.trellis.law/static-assets/v2026-06-11T23-33-27Z-master-12ba455/global/loader-4-css.svg","👉 Discover key insights by exploring","more analytics for Christopher G. Seldin","County","Pitkin County, CO"
"White Horse Springs Water And Sanitation et al v. Water Quality Control Division et al","https://trellis.law/case/8097/2019cv030106/white-horse-springs-water-sanitation-et-al-v-water-quality-control-division-et-al","On September 20, 2019 a case was filed
        
        
        
        
            
            in the jurisdiction of Pitkin County.
        
        
            
                Judge Christopher G. Seldin presiding.","21 Files","Sep 20, 2019","Status","Dismissal","Judge","Court","Pitkin County","County","Pitkin County, CO","Case #","Practice Area","Civil","Matter Type","Injunctive Action","Case Last Refreshed","Hon. Christopher G. Seldin","https://trellis.law/judge/christopher.g.seldin?at_a_glance=True","https://static-web-assets.vuean5bcdnek.trellis.law/static-assets/v2026-06-11T23-33-27Z-master-12ba455/global/loader-4-css.svg","👉 Discover key insights by exploring","more analytics for Christopher G. Seldin","Jul 03, 2023",""