"county-coverage-title","bullet-group","bullet-group 2","bullet-group 3","text-break","text-break href","bullet-group 4","bullet-group 5","bullet-group 6","bullet-group 7","bullet-group href","bullet-group 8","bullet-group 9","bullet-group 10","bullet-group 11","results-title","results-col","results-col src","h2","h2 href","d-flex","d-files","cardText","cardText 2","cardText 3","cardText 4","cardText 5","cardText 6","cardText 7","cardText 8","cardText 9","trellisCallToAction","trellisCallToAction href","cardText 10","cardText 11","cardText 12","cardText 13","cardText 14","cardText 15","h2 2","h2 href 2","d-flex 2","d-files 2","cardText 17","cardText 19","cardText 26","h2 3","h2 href 3","d-flex 3","d-files 3","cardText 28","cardText 37","cardText 39","cardText 41","h2 4","h2 href 4","d-flex 4","d-files 4","cardText 43","cardText 52","cardText 54","cardText 56","h2 5","h2 href 5","d-flex 5","cardText 58","cardText 67","cardText 69","cardText 71","h2 6","h2 href 6","d-flex 6","cardText 73","cardText 75","cardText 86","h2 7","h2 href 7","d-flex 7","cardText 88","cardText 90","cardText 101","h2 8","h2 href 8","d-flex 8","d-files 8","cardText 103","cardText 112","cardText 114","cardText 116","h2 9","h2 href 9","d-flex 9","cardText 118","judge-link","judge-link href","trellis-loading src","judge-hover-footer","judge-follow-link","cardText 130","h2 10","h2 href 10","d-flex 10","d-files 10","cardText 132","cardText 141","h2 11","h2 href 11","d-flex 11","cardText 143","cardText 154","cardText 156","h2 12","h2 href 12","d-flex 12","cardText 158","cardText 171","h2 13","h2 href 13","d-flex 13","cardText 173","cardText 186","h2 14","h2 href 14","d-flex 14","d-files 14","cardText 188","cardText 189","cardText 190","cardText 201","cardText 203","h2 15","h2 href 15","d-flex 15","cardText 205","cardText 207","cardText 218","cardText 220","h2 16","h2 href 16","d-flex 16","cardText 222","cardText 231","h2 17","h2 href 17","d-flex 17","cardText 233","cardText 244","cardText 246","h2 18","h2 href 18","d-flex 18","cardText 248","judge-link 2","judge-link href 2","judge-follow-link 2","cardText 260","h2 19","h2 href 19","d-flex 19","cardText 262","cardText 271","h2 20","h2 href 20","d-flex 20","cardText 273","cardText 283","cardText 285","h2 21","h2 href 21","d-flex 21","cardText 287","cardText 299","h2 22","h2 href 22","d-flex 22","cardText 301","cardText 313","h2 23","h2 href 23","d-flex 23","cardText 315","cardText 327","h2 24","h2 href 24","d-flex 24","d-files 24","cardText 329","cardText 337","h2 25","h2 href 25","d-flex 25","cardText 339","cardText 351","h2 26","h2 href 26","d-flex 26","d-files 26","cardText 353","cardText 365","h2 27","h2 href 27","d-flex 27","d-files 27","cardText 367","cardText 369","judge-link 10","judge-link href 10","judge-follow-link 10","cardText 377","h2 28","h2 href 28","d-flex 28","d-files 28","cardText 379","cardText 393","h2 29","h2 href 29","d-flex 29","d-files 29","cardText 395","h2 30","h2 href 30","d-flex 30","d-files 30","cardText 409","h2 31","h2 href 31","d-flex 31","d-files 31","cardText 419","cardText 421","judge-link 14","judge-link href 14","judge-follow-link 14","h2 32","h2 href 32","d-flex 32","d-files 32","cardText 431","cardText 433","h2 33","h2 href 33","d-flex 33","d-files 33","cardText 443","cardText 457","h2 34","h2 href 34","d-flex 34","cardText 459","h2 35","h2 href 35","d-flex 35","d-files 35","cardText 475","cardText 485","h2 36","h2 href 36","d-flex 36","d-files 36","cardText 487","h2 37","h2 href 37","d-flex 37","cardText 503","h2 38","h2 href 38","d-flex 38","d-files 38","cardText 519","cardText 531","h2 39","h2 href 39","d-flex 39","d-files 39","cardText 535","cardText 547","cardText 549","h2 40","h2 href 40","d-flex 40","cardText 551","cardText 563","h2 41","h2 href 41","d-flex 41","cardText 565","h2 42","h2 href 42","d-flex 42","d-files 42","cardText 581","h2 43","h2 href 43","d-flex 43","d-files 43","cardText 597","h2 44","h2 href 44","d-flex 44","d-files 44","cardText 613","h2 45","h2 href 45","d-flex 45","d-files 45","cardText 627","cardText 641","h2 46","h2 href 46","d-flex 46","d-files 46","cardText 643","h2 47","h2 href 47","d-flex 47","d-files 47","cardText 659","cardText 667","cardText 669","h2 48","h2 href 48","d-flex 48","d-files 48","cardText 673","h2 49","h2 href 49","d-flex 49","cardText 687","cardText 689","h2 50","h2 href 50","d-flex 50","cardText 703","results-col 2","trellis-primary","trellis-primary href","docket-preview-block","docket-preview-block 2","docket-preview-block 3","docket-preview-block 4","docket-preview-block 5","docket-preview-block 6","docket-preview-block 7","docket-preview-block 8","docket-preview-block 9","docket-preview-block 10","docket-preview-block 11","docket-preview-block 12","docket-preview-block 13","docket-preview-block 14","docket-preview-block 15","docket-preview-block 16","docket-preview-block 17","docket-preview-block 18","docket-preview-block 19","docket-preview-block 20","docket-preview-block 21","docket-preview-block 22","docket-preview-block 23","docket-preview-block 24","docket-preview-block 25"
"Pitkin County District Courts Records","Population","17,348","Website","https://pitkincounty.com","https://pitkincounty.com/","County Seat","Aspen","Phone Number","(970) 920-5180","tel:(970) 920-5180","Administration Address","Pitkin County Clerk and Recorder
530 E Main Street
Aspen, CO 81611","Meaning","Pitkin county is named for Colorado Governor Frederick Walker Pitkin.","","","","","","","","","","","","","","","","","","","","","","","","","","","","","","","","","","","","","","","","","","","","","","","","","","","","","","","","","","","","","","","","","","","","","","","","","","","","","","","","","","","","","","","","","","","","","","","","","","","","","","","","","","","","","","","","","","","","","","","","","","","","","","","","","","","","","","","","","","","","","","","","","","","","","","","","","","","","","","","","","","","","","","","","","","","","","","","","","","","","","","","","","","","","","","","","","","","","","","","","","","","","","","","","","","","","","","","","","","","","","","","","","","","","","","","","","","","","","","","","","","","","","","","","","","","","","","","","","","","","","","","","","","","","","","","","","","","","","","","","","","","","","","","","","","","","","","","","","","","","","","","","","","","","","","","","","","","","","","","","","","","","","","","","","","","","","","","","","","","","","","","","","","",""
"","","","","","","","","","","","","","","","Featured Pitkin County Court Records",".judge-hover{display:none;position:relative;white-space:normal}.judge-hover a{white-space:normal}.judge-hover-body{border:1px solid #E6E6E8;position:absolute;color:black;background-color:white;padding:0px;height:fit-content;width:525px;min-height:370px;right:-50px;top:7px;box-shadow:0px 4px 16px rgba(0,0,0,0.25);z-index:999;margin:0}.judge-hover-body span,.judge-hover-body a,.judge-hover{margin-right:0!important;text-transform:initial!important;letter-spacing:initial!important;min-width:initial!important;font-size:14px!important;line-height:18px!important}.judge-hover-body a{margin-left:0!important}.chart-container{border-top-left-radius:8px;border-top-right-radius:8px;overflow-y:clip;height:475px;position:relative}.trellis-loading{position:absolute;height:50px;width:50px;top:10px;left:10px}.img-container{height:475px}.search-result.result-tentative.result-document{position:unset!important}.first-placeholder,.second-placeholder{width:100%;height:100%}.judge-hover-footer{background-color:#E7F3F5;min-height:45px;border-bottom-left-radius:8px;border-bottom-right-radius:8px;text-align:center;padding:4px 10px 0px 10px}.offset-top{top:-2px}.offset-left{left:50px}@media(min-width:768px){.link-hoverable:hover + .modal-hoverable,.modal-hoverable:hover{display:flex}}","https://static-web-assets.vuean5bcdnek.trellis.law/static-assets/v2026-06-11T23-33-27Z-master-12ba455/smart_search/js/search_result_judge_hover.js","Pinnacol Assurance v. Twohig, Paul et al","https://trellis.law/case/8097/2026cv030035/pinnacol-assurance-v-twohig-paul-et-al","On March 6, 2026 a case was filed
        
        
        
        
            
            in the jurisdiction of Pitkin County.
        
        
            
                Judge Laura C Makar presiding.","5 Files","Filed","Mar 06, 2026","Judge","Hon. Laura C Makar","Court","Pitkin County","County","Pitkin County, CO","Case #","(Subscribe to View)","https://trellis.law/pricing?post_logged_in_path=L3ByaWNpbmc/ZHJjPTEmdXBncmFkZV9zdGF0ZT1ZMjg9&post_purchase_path=L2NvdmVyYWdlL2NvbG9yYWRvL3BpdGtpbg==&upgrade_state=Y28=","Practice Area","Torts","Matter Type","General Negligence","Case Last Refreshed","Mar 10, 2026","Deep, David v. Epic Home Management LLC et al","https://trellis.law/case/8097/2026cv030084/deep-david-v-epic-home-management-llc-et-al","On May 13, 2026 a case was filed
        
        
        
        
            
            in the jurisdiction of Pitkin County.
        
        
            
                Judge Elise Victoria Myer presiding.","6 Files","May 13, 2026","Hon. Elise Victoria Myer","May 15, 2026","Setterfield Realtors Inc v. 420 W Main LLC","https://trellis.law/case/8097/2026cv030009/setterfield-realtors-inc-v-420-w-main-llc","On January 20, 2026 a case was filed
        
        
        
        
            
            in the jurisdiction of Pitkin County.
        
        
            
                Judge Elise Victoria Myer presiding.","3 Files","Jan 20, 2026","Commercial","Breach of Contract","Jan 22, 2026","Ww 184 LLC v. Lee, James Spencer et al","https://trellis.law/case/8097/2026cv030065/ww-184-llc-v-lee-james-spencer-et-al","On April 16, 2026 a case was filed
        
        
        
        
            
            in the jurisdiction of Pitkin County.
        
        
            
                Judge Laura C Makar presiding.","4 Files","Apr 16, 2026","Property","Quiet Title","Apr 17, 2026","U S Bank National Association v. Hewitt, Elizabeth A","https://trellis.law/case/8097/2026cv030047/u-s-bank-national-association-v-hewitt-elizabeth-a","On March 25, 2026 a case was filed
        
        
        
        
            
            in the jurisdiction of Pitkin County.
        
        
            
                Judge Laura C Makar presiding.","Mar 25, 2026","Creditor","Consumer Debt","Mar 27, 2026","Libby, Russell et al v. Coleman Construction LLC et al","https://trellis.law/case/8097/2026cv030018/libby-russell-et-al-v-coleman-construction-llc-et-al","On February 13, 2026 a case was filed
        
        
        
        
            
            in the jurisdiction of Pitkin County.
        
        
            
                Judge Susan Ryan presiding.","Feb 13, 2026","Hon. Susan Ryan","Feb 18, 2026","Koehne, Cheryl J et al v. Elias, Charles et al","https://trellis.law/case/8097/2026cv030000/koehne-cheryl-j-et-al-v-elias-charles-et-al","On January 1, 2026 a case was filed
        
        
        
        
            
            in the jurisdiction of Pitkin County.
        
        
            
                Judge Alexander Haynes presiding.","Jan 01, 2026","Hon. Alexander Haynes","Jan 03, 2026","Tiel Trust Fbo Paula T Douglass v. 42400 Highway 82 Acquisition LLC","https://trellis.law/case/8097/2026cv030006/tiel-trust-fbo-paula-t-douglass-v-42400-highway-82-acquisition-llc","On January 14, 2026 a case was filed
        
        
        
        
            
            in the jurisdiction of Pitkin County.
        
        
            
                Judge Alexander Haynes presiding.","2 Files","Jan 14, 2026","Civil","Declaratory Action","Jan 16, 2026","Winchester, Robert et al v. State Farm Fire And Casualty Company","https://trellis.law/case/8097/2025cv030001/winchester-robert-et-al-v-state-farm-fire-casualty-company","On January 13, 2025 a case was filed
        
        
        
        
            
            in the jurisdiction of Pitkin County.
        
        
            
                Judge Denise K. Lynch presiding.","Jan 13, 2025","Hon. Denise K. Lynch","https://trellis.law/judge/denise.k.lynch?at_a_glance=True","https://static-web-assets.vuean5bcdnek.trellis.law/static-assets/v2026-06-11T23-33-27Z-master-12ba455/global/loader-4-css.svg","👉 Discover key insights by exploring","more analytics for Denise K. Lynch","Jan 21, 2025","Castle Creek Investors Inc v. Climax Mining And Milling Company Inc et al","https://trellis.law/case/8097/2025cv030017/castle-creek-investors-inc-v-climax-mining-milling-company-inc-et-al","On February 28, 2025 a case was filed
        
        
        
        
            
            in the jurisdiction of Pitkin County.
        
        
            
                Judge Laura C Makar presiding.","9 Files","Feb 28, 2025","Mar 05, 2025","The Hemisphere Condominium Association v. 2000 Ocean Owner LLC","https://trellis.law/case/8097/2025cv000001/hemisphere-condominium-association-v-2000-ocean-owner-llc","On February 19, 2025 a case was filed
        
        
        
        
            
            in the jurisdiction of Pitkin County.
        
        
            
                Judge Laura C Makar presiding.","Feb 19, 2025","Discovery","Oct 20, 2025","Knight, Lester v. Hyman LLC","https://trellis.law/case/8097/2025cv030026/knight-lester-v-hyman-llc","On March 17, 2025 a case was filed
        
        
        
        
            
            in the jurisdiction of Pitkin County.
        
        
            
                Judge Laura C Makar presiding.","Mar 17, 2025","Mar 20, 2025","Bridger, Robert v. Platt, Craig et al","https://trellis.law/case/8097/2025cv030150/bridger-robert-v-platt-craig-et-al","On December 4, 2025 a case was filed
        
        
        
        
            
            in the jurisdiction of Pitkin County.
        
        
            
                Judge Alexander Haynes presiding.","Dec 04, 2025","Dec 09, 2025","Morgan Stanley Private Bank Na v. Venetos, Jon P et al","https://trellis.law/case/8097/2025cv030147/morgan-stanley-private-bank-na-v-venetos-jon-p-et-al","On November 26, 2025 a case was filed
        
        
        
        
            
            in the jurisdiction of Pitkin County.
        
        
            
                Judge Laura C Makar presiding.","1 File","Nov 26, 2025","Status","Foreign,Sister-State Judgment","Judgment Enforcement","Nov 27, 2025","Aronson, Laurie v. The Aspen Mountain Residences","https://trellis.law/case/8097/2024cv030055/aronson-laurie-v-aspen-mountain-residences","On June 24, 2024 a case was filed
        
        
        
        
            
            in the jurisdiction of Pitkin County.
        
        
            
                Judge Elise Victoria Myer presiding.","Jun 24, 2024","Other","Injunctive Action","Jun 27, 2024","Pinnacol Assurance v. Molina Construction LLC","https://trellis.law/case/8097/2024cv030023/pinnacol-assurance-v-molina-construction-llc","On March 13, 2024 a case was filed
        
        
        
        
            
            in the jurisdiction of Pitkin County.
        
        
            
                Judge Elise Victoria Myer presiding.","Mar 13, 2024","Mar 15, 2024","Espinoza, Jesse v. Twohig, Paul et al","https://trellis.law/case/8097/2024cv030092/espinoza-jesse-v-twohig-paul-et-al","On October 28, 2024 a case was filed
        
        
        
        
            
            in the jurisdiction of Pitkin County.
        
        
            
                Judge Laura C Makar presiding.","Oct 28, 2024","Automobile","Oct 29, 2024","Wells Fargo Bank Na v. Miller, Charles M","https://trellis.law/case/8097/2024cv030010/wells-fargo-bank-na-v-miller-charles-m","On January 31, 2024 a case was filed
        
        
        
        
            
            in the jurisdiction of Pitkin County.
        
        
            
                Judge Christopher G. Seldin presiding.","Jan 31, 2024","Hon. Christopher G. Seldin","https://trellis.law/judge/christopher.g.seldin?at_a_glance=True","more analytics for Christopher G. Seldin","Feb 01, 2024","Carpenter, Hillary Brigid v. Sands, Jason Aaron","https://trellis.law/case/8097/2024cv030103/carpenter-hillary-brigid-v-sands-jason-aaron","On November 14, 2024 a case was filed
        
        
        
        
            
            in the jurisdiction of Pitkin County.
        
        
            
                Judge Elise Victoria Myer presiding.","Nov 14, 2024","Nov 16, 2024","Borderick, Mark v. Everett, Edward","https://trellis.law/case/8097/2024cv030088/borderick-mark-v-everett-edward","On October 2, 2024 a case was filed
        
        
        
        
            
            in the jurisdiction of Pitkin County.
        
        
            
                Judge Christopher G. Seldin presiding.","Oct 02, 2024","Personal Injury","Oct 03, 2024","928 S Mill LLC v. Cadwell, Ira Ronald","https://trellis.law/case/8097/2023cv030060/928-s-mill-llc-v-cadwell-ira-ronald","On June 26, 2023 a case was filed
        
        
        
        
            
            in the jurisdiction of Pitkin County.
        
        
            
                Judge Christopher G. Seldin presiding.","Jun 26, 2023","Jun 27, 2023","Solondz, Tami v. Volvo Car Usa LLC","https://trellis.law/case/8097/2023cv030121/solondz-tami-v-volvo-car-usa-llc","On November 18, 2023 a case was filed
        
        
        
        
            
            in the jurisdiction of Pitkin County.
        
        
            
                Judge Denise K. Lynch presiding.","Nov 18, 2023","Nov 21, 2023","Helm, Jessica v. Capitol Peak Outfitters Inc et al","https://trellis.law/case/8097/2023cv030052/helm-jessica-v-capitol-peak-outfitters-inc-et-al","On May 29, 2023 a case was filed
        
        
        
        
            
            in the jurisdiction of Pitkin County.
        
        
            
                Judge Christopher G. Seldin presiding.","May 29, 2023","Jun 01, 2023","Kristin Dittmar Design Llc vs 603 S Garmisch Llc","https://trellis.law/case/8097/2023cv030008/kristin-dittmar-design-llc-vs-603-s-garmisch-llc","On January 30, 2023 a case was filed
        
        
        
        
            
            in the jurisdiction of Pitkin County.
        
        
            
                Judge Christopher G. Seldin presiding.","13 Files","Jan 30, 2023","Apr 02, 2023","Wells, Richard v. Aig Property Casualty Company","https://trellis.law/case/8097/2023cv030099/wells-richard-v-aig-property-casualty-company","On September 18, 2023 a case was filed
        
        
        
        
            
            in the jurisdiction of Pitkin County.
        
        
            
                Judge Denise K. Lynch presiding.","Sep 18, 2023","Sep 20, 2023","Pauline M Mayer Family Limited Ptship v. Welsh, Ellen et al","https://trellis.law/case/8097/2023cv030145/pauline-m-mayer-family-limited-ptship-v-welsh-ellen-et-al","On December 28, 2023 a case was filed
        
        
        
        
            
            in the jurisdiction of Pitkin County.
        
        
            
                Judge Christopher G. Seldin presiding.","7 Files","Dec 28, 2023","Dec 30, 2023","Michel Bervaldi vs Charity Merrill","https://trellis.law/case/8097/2022cv030018/michel-bervaldi-vs-charity-merrill","On March 9, 2022 a case was filed
        
        
        
        
            
            in the jurisdiction of Pitkin County.
        
        
            
                Judge John F. Neiley presiding.","19 Files","Mar 09, 2022","Dismissal","Hon. John F. Neiley","https://trellis.law/judge/john.f.neiley?at_a_glance=True","more analytics for John F. Neiley","May 26, 2023","Sopris Steel LLC v. Silich Construction Inc","https://trellis.law/case/8097/2022cv030038/sopris-steel-llc-v-silich-construction-inc","On May 9, 2022 a case was filed
        
        
        
        
            
            in the jurisdiction of Pitkin County.
        
        
            
                Judge John F. Neiley presiding.","34 Files","May 09, 2022","May 25, 2023","Jobes, John Lewis et al v. Merino Labelle, Carlos","https://trellis.law/case/8097/2022cv030106/jobes-john-lewis-et-al-v-merino-labelle-carlos","On November 15, 2022 a case was filed
        
        
        
        
            
            in the jurisdiction of Pitkin County.
        
        
            
                Judge Denise K. Lynch presiding.","16 Files","Nov 15, 2022","Kith And Kin Llc vs B And H General Contractors Inc et al","https://trellis.law/case/8097/2022cv030006/kith-kin-llc-vs-b-h-general-contractors-inc-et-al","On January 19, 2022 a case was filed
        
        
        
        
            
            in the jurisdiction of Pitkin County.
        
        
            
                Judge Denise K. Lynch presiding.","84 Files","Jan 19, 2022","42400 Highway 82 Acquisition Llc vs Tiel Trust I Fbo Paula T Douglass","https://trellis.law/case/8097/2022cv030091/42400-highway-82-acquisition-llc-vs-tiel-trust-i-fbo-paula-t-douglass","On September 27, 2022 a case was filed
        
        
        
        
            
            in the jurisdiction of Pitkin County.
        
        
            
                Judge Anne K. Norrdin presiding.","18 Files","Sep 27, 2022","Consolidation","Hon. Anne K. Norrdin","https://trellis.law/judge/anne.k.norrdin?at_a_glance=True","more analytics for Anne K. Norrdin","Kdr Trust v. City Of Aspen","https://trellis.law/case/8097/2022cv030056/kdr-trust-v-city-aspen","On June 13, 2022 a case was filed
        
        
        
        
            
            in the jurisdiction of Pitkin County.
        
        
            
                Judge Christopher G. Seldin presiding.","29 Files","Jun 13, 2022","Appealed","Weiner Finance LLC v. The Great Fraser Fir Company et al","https://trellis.law/case/8097/2021cv030065/weiner-finance-llc-v-great-fraser-fir-company-et-al","On July 8, 2021 a case was filed
        
        
        
        
            
            in the jurisdiction of Pitkin County.
        
        
            
                Judge Christopher G. Seldin presiding.","17 Files","Jul 08, 2021","Jun 08, 2023","100 East Main Street LLC v. The Dire Wolf Project LLC et al","https://trellis.law/case/8097/2021cv030040/100-east-main-street-llc-v-dire-wolf-project-llc-et-al","On April 5, 2021 a case was filed
        
        
        
        
            
            in the jurisdiction of Pitkin County.
        
        
            
                Judge Anne K. Norrdin presiding.","Apr 05, 2021","DC Rienks Custom Construction Inc A Colo v. Katch As Trustee Of The Lisa Gutner Gst, Ronald","https://trellis.law/case/8097/2021cv030093/dc-rienks-custom-construction-inc-a-colo-v-katch-as-trustee-lisa-gutner-gst-ronald","On September 13, 2021 a case was filed
        
        
        
        
            
            in the jurisdiction of Pitkin County.
        
        
            
                Judge Christopher G. Seldin presiding.","10 Files","Sep 13, 2021","Jun 07, 2023","Wang, Angi v. Pinons LLC et al","https://trellis.law/case/8097/2021cv030058/wang-angi-v-pinons-llc-et-al","On June 15, 2021 a case was filed
        
        
        
        
            
            in the jurisdiction of Pitkin County.
        
        
            
                Judge John F. Neiley presiding.","40 Files","Jun 15, 2021","Eaten Path LLC Dba Bosq v. Nationwide Mutual Insurance Company et al","https://trellis.law/case/8097/2021cv030030/eaten-path-llc-dba-bosq-v-nationwide-mutual-insurance-company-et-al","On March 15, 2021 a case was filed
        
        
        
        
            
            in the jurisdiction of Pitkin County.
        
        
            
                Judge Christopher G. Seldin presiding.","Mar 15, 2021","Storm King Mechanical LLC v. Asp Properties LLC et al","https://trellis.law/case/8097/2021cv030015/storm-king-mechanical-llc-v-asp-properties-llc-et-al","On January 29, 2021 a case was filed
        
        
        
        
            
            in the jurisdiction of Pitkin County.
        
        
            
                Judge Christopher G. Seldin presiding.","21 Files","Jan 29, 2021","Foreclosure","Can IV Packard Square LLC v. 306 Associates LLC et al","https://trellis.law/case/8097/2020cv030029/can-iv-packard-square-llc-v-306-associates-llc-et-al","On March 9, 2020 a case was filed
        
        
        
        
            
            in the jurisdiction of Pitkin County.
        
        
            
                Judge Christopher G. Seldin presiding.","133 Files","Mar 09, 2020","Contractual Fraud","Jun 10, 2023","Hendrickson Construction Inc v. Ajax Mechanical Services Inc","https://trellis.law/case/8097/2020cv030038/hendrickson-construction-inc-v-ajax-mechanical-services-inc","On March 31, 2020 a case was filed
        
        
        
        
            
            in the jurisdiction of Pitkin County.
        
        
            
                Judge Anne K. Norrdin presiding.","Mar 31, 2020","Jun 11, 2023","Gallerie Y LLC v. Martin, Jonathan Simon","https://trellis.law/case/8097/2020cv030016/gallerie-y-llc-v-martin-jonathan-simon","On February 3, 2020 a case was filed
        
        
        
        
            
            in the jurisdiction of Pitkin County.
        
        
            
                Judge Christopher G. Seldin presiding.","Feb 03, 2020","301 East Hyman Avenue LLC v. The Prospector Fractional Owners Assoc et al","https://trellis.law/case/8097/2020cv030014/301-east-hyman-avenue-llc-v-prospector-fractional-owners-assoc-et-al","On January 28, 2020 a case was filed
        
        
        
        
            
            in the jurisdiction of Pitkin County.
        
        
            
                Judge Christopher G. Seldin presiding.","20 Files","Jan 28, 2020","Springfield, Chloe et al v. Estate Of Jillian White","https://trellis.law/case/8097/2020cv030103/springfield-chloe-et-al-v-estate-jillian-white","On November 3, 2020 a case was filed
        
        
        
        
            
            in the jurisdiction of Pitkin County.
        
        
            
                Judge Anne K. Norrdin presiding.","25 Files","Nov 03, 2020","Full Circle Aspen LLC v. Bellino, Rita Mary et al","https://trellis.law/case/8097/2020cv030074/full-circle-aspen-llc-v-bellino-rita-mary-et-al","On July 27, 2020 a case was filed
        
        
        
        
            
            in the jurisdiction of Pitkin County.
        
        
            
                Judge Christopher G. Seldin presiding.","38 Files","Jul 27, 2020","Independence Pass LLC v. Shaw Builders LLC et al","https://trellis.law/case/8097/2019cv030122/independence-pass-llc-v-shaw-builders-llc-et-al","On October 25, 2019 a case was filed
        
        
        
        
            
            in the jurisdiction of Pitkin County.
        
        
            
                Judge Christopher G. Seldin presiding.","27 Files","Oct 25, 2019","Jul 03, 2023","Wells Fargo Bank N A v. Murray, Scott A","https://trellis.law/case/8097/2019cv030111/wells-fargo-bank-n-a-v-murray-scott-a","On September 26, 2019 a case was filed
        
        
        
        
            
            in the jurisdiction of Pitkin County.
        
        
            
                Judge John F. Neiley presiding.","31 Files","Sep 26, 2019","Wells Fargo Bank N A v. Fagan, Charles D","https://trellis.law/case/8097/2019cv030040/wells-fargo-bank-n-a-v-fagan-charles-d","On April 19, 2019 a case was filed
        
        
        
        
            
            in the jurisdiction of Pitkin County.
        
        
            
                Judge John F. Neiley presiding.","11 Files","Apr 19, 2019","Probate","Trusts","Bovino, David A et al v. Pillsbury Winthrop Shaw Pittman Llp","https://trellis.law/case/8097/2019cv030024/bovino-david-a-et-al-v-pillsbury-winthrop-shaw-pittman-llp","On March 18, 2019 a case was filed
        
        
        
        
            
            in the jurisdiction of Pitkin County.
        
        
            
                Judge Christopher G. Seldin presiding.","36 Files","Mar 18, 2019","American Lake LLC et al v. Elk Mountain Lodge LLC et al","https://trellis.law/case/8097/2019cv030101/american-lake-llc-et-al-v-elk-mountain-lodge-llc-et-al","On September 5, 2019 a case was filed
        
        
        
        
            
            in the jurisdiction of Pitkin County.
        
        
            
                Judge Christopher G. Seldin presiding.","Sep 05, 2019","Default Judgment","White Horse Springs Water And Sanitation et al v. Water Quality Control Division et al","https://trellis.law/case/8097/2019cv030106/white-horse-springs-water-sanitation-et-al-v-water-quality-control-division-et-al","On September 20, 2019 a case was filed
        
        
        
        
            
            in the jurisdiction of Pitkin County.
        
        
            
                Judge Christopher G. Seldin presiding.","Sep 20, 2019",".lastCard {
        padding-bottom: 100px !important;
    }
    #sticky-dockets-show-more {
        position: relative;
    }
    #sticky-dockets-show-more > div {
        position: absolute;
        top: -65px;
    }
    @media (max-width: 576px) {
        #sticky-dockets-show-more a {
            width: 100%;
        }
        #sticky-dockets-show-more > div {
            padding-left: 30px;
            padding-right: 30px;
        }
    }","Show More","https://trellis.law/coverage/colorado/pitkin/dockets/1763169","","","","","","","","","","","","","","","","","","","","","","","","",""
"","","","","","","","","","","","","","","","Latest Cases","","","Fernandez, Ines et al v. Foshee, Alex","https://trellis.law/case/8097/2026cv030053/fernandez-ines-et-al-v-foshee-alex","","","","","","","","","","","","","","","","","","","","Pinnacol Assurance v. Hunter Creek Condominiums For Phase II et al","https://trellis.law/case/8097/2026cv030052/pinnacol-assurance-v-hunter-creek-condominiums-for-phase-ii-et-al","","","","","","Darwish, Amr v. Allen, Megan et al","https://trellis.law/case/8097/2026cv030051/darwish-amr-v-allen-megan-et-al","","","","","","","Rw Keystone LLC et al v. Headwaters Housing Partners LLC et al","https://trellis.law/case/8097/2026cv030050/rw-keystone-llc-et-al-v-headwaters-housing-partners-llc-et-al","","","","","","","Wells Fargo Bank Na v. Southall IV, Alfred B","https://trellis.law/case/8097/2026cv030049/wells-fargo-bank-na-v-southall-iv-alfred-b","","","","","","Voorhees, Peter v. Haag, Matthew et al","https://trellis.law/case/8097/2026cv030048/voorhees-peter-v-haag-matthew-et-al","","","","","U S Bank National Association v. Hewitt, Elizabeth A","https://trellis.law/case/8097/2026cv030047/u-s-bank-national-association-v-hewitt-elizabeth-a","","","","","Lot 1 Vandermoer Hill Lot Split LLC v. Bowden Development Company","https://trellis.law/case/8097/2026cv030046/lot-1-vandermoer-hill-lot-split-llc-v-bowden-development-company","","","","","","","Lot 1 Vandemoer Hill Lot Split LLC v. Bowden Development Company","https://trellis.law/case/8097/2026cv030045/lot-1-vandemoer-hill-lot-split-llc-v-bowden-development-company","","","","","","","","","Togas, Lucero Del Carmen Cord v. Aspen Pitkin County Housing Authority et al","https://trellis.law/case/8097/2026cv030044/togas-lucero-del-carmen-cord-v-aspen-pitkin-county-housing-authority-et-al","","","","","Tullar, Christopher et al v. Volo Earth Ventures Management LLC et al","https://trellis.law/case/8097/2026cv030043/tullar-christopher-et-al-v-volo-earth-ventures-management-llc-et-al","","","","","Bridger, Robert v. Bourke, Janine L","https://trellis.law/case/8097/2026cv030042/bridger-robert-v-bourke-janine-l","","","","115 Blue Spruce Lane LLC et al v. Koffler, Robert et al","https://trellis.law/case/8097/2026cv030041/115-blue-spruce-lane-llc-et-al-v-koffler-robert-et-al","","","","Garofalo, Anna v. Burlingame Ranch I Condominium Assoc","https://trellis.law/case/8097/2026cv030040/garofalo-anna-v-burlingame-ranch-i-condominium-assoc","","","","","","","","Bd County Commissioners Of Pitkin County v. Pyramid Ranch LLC et al","https://trellis.law/case/8097/2026cv030039/bd-county-commissioners-pitkin-county-v-pyramid-ranch-llc-et-al","","","","","","Bankers Standard Insurance Company v. Res Ipsa Usa LLC","https://trellis.law/case/8097/2026cv030038/bankers-standard-insurance-company-v-res-ipsa-usa-llc","","","","5star Bank v. Minertaylor LLC","https://trellis.law/case/8097/2026cv030036/5star-bank-v-minertaylor-llc","","","","","Pinnacol Assurance v. Twohig, Paul et al","https://trellis.law/case/8097/2026cv030035/pinnacol-assurance-v-twohig-paul-et-al","","","","","","","Truist Bank Dba Lightstream v. Dermawan, Petrus","https://trellis.law/case/8097/2026cv030032/truist-bank-dba-lightstream-v-dermawan-petrus","","","","Notaro, Renaud L v. Il Porcellino Wholesale LLC","https://trellis.law/case/8097/2026cv030031/notaro-renaud-l-v-il-porcellino-wholesale-llc","","","","","American Family Mutual Insurance Co Si et al v. Pacific Sheet Metal Inc","https://trellis.law/case/8097/2026cv030030/american-family-mutual-insurance-co-si-et-al-v-pacific-sheet-metal-inc","","","","Gavin Griffiths Inc Dba Mountain Works v. Independence 44681 LLC et al","https://trellis.law/case/8097/2026cv030029/gavin-griffiths-inc-dba-mountain-works-v-independence-44681-llc-et-al","","","","Aspen Air Charter Company LLC v. Vision Air Charter LLC et al","https://trellis.law/case/8097/2026cv030028/aspen-air-charter-company-llc-v-vision-air-charter-llc-et-al","","","","Wells Fargo Bank Na v. Lee, Susan S et al","https://trellis.law/case/8097/2026cv030027/wells-fargo-bank-na-v-lee-susan-s-et-al","","","","","Wells Fargo Bank Na v. Burke, Devin P","https://trellis.law/case/8097/2026cv030026/wells-fargo-bank-na-v-burke-devin-p","","","","","","","","","","","","","","","","","","","","","","","","","","","","","","","","","","","","","","","","","","","","","","","","","","","","","","","","","","","","","","","","","","","","","","","","","","","","","","","","","","","","","","","","","","","","","","","","","","","","","","","","","","","","","","","","","","","","","","","","","","","","","","","","","","","","","","","","","","","","","","","","","","","","|  | 2026CV030053 | April 1, 2026","|  | 2026CV030052 | March 31, 2026","|  | 2026CV030051 | March 30, 2026","|  | 2026CV030050 | March 27, 2026","|  | 2026CV030049 | March 26, 2026","|  | 2026CV030048 | March 25, 2026","|  | 2026CV030047 | March 25, 2026","|  | 2026CV030046 | March 23, 2026","|  | 2026CV030045 | March 23, 2026","|  | 2026CV030044 | March 23, 2026","|  | 2026CV030043 | March 18, 2026","|  | 2026CV030042 | March 17, 2026","|  | 2026CV030041 | March 17, 2026","|  | 2026CV030040 | March 17, 2026","|  | 2026CV030039 | March 12, 2026","|  | 2026CV030038 | March 10, 2026","|  | 2026CV030036 | March 9, 2026","|  | 2026CV030035 | March 6, 2026","|  | 2026CV030032 | March 6, 2026","|  | 2026CV030031 | March 5, 2026","|  | 2026CV030030 | March 3, 2026","|  | 2026CV030029 | March 3, 2026","|  | 2026CV030028 | March 3, 2026","|  | 2026CV030027 | March 3, 2026","|  | 2026CV030026 | March 2, 2026"