"tablescraper-selected-row","tablescraper-selected-row href"
"As adopted by the Colorado Supreme Court
on April 13, 2023,
effective July 1, 2023,",""
"SYNOPSIS",""
"Preamble","https://www.cobar.org/Portals/COBAR/Repository/ethicsOpinions/ethics%20LLP%20page/Preamble_A_Licensed_Legal_Paraprofessional_27s_Responsibilities.pdf?ver=rE6IL5LWE_sx4b-i4ee0sg%3d%3d"
"Scope","https://www.cobar.org/Portals/COBAR/Repository/ethicsOpinions/ethics%20LLP%20page/SCOPE.pdf?ver=y2gcJU9c6zyVfjsrbr9a2w%3d%3d"
"Rule 1.0 Terminology","https://www.cobar.org/Portals/COBAR/Repository/ethicsOpinions/ethics%20LLP%20page/Rule_1.0_-_Terminology.pdf?ver=ejjsVBN6GGWdZJhYx9B_Lw%3d%3d"
"Client – LLP Relationship",""
"Rule 1.1 Competence","https://www.cobar.org/Portals/COBAR/Repository/ethicsOpinions/ethics%20LLP%20page/Rule_1.1_-_Competence.pdf?ver=y2gcJU9c6zyVfjsrbr9a2w%3d%3d"
"Rule 1.2 Scope of Representation and Allocation of Authority Between Client and LLP","https://www.cobar.org/Portals/COBAR/Repository/ethicsOpinions/ethics%20LLP%20page/LLP%201.2.pdf?ver=Zpz7sWg4yACtIEY38LaUBA%3d%3d"
"Rule 1.3 Diligence","https://www.cobar.org/Portals/COBAR/Repository/ethicsOpinions/ethics%20LLP%20page/Rule_1.3_-_Diligence.pdf?ver=dxtqJUjUToPgM-20KGngNg%3d%3d"
"Rule 1.4 Communication","https://www.cobar.org/Portals/COBAR/Repository/ethicsOpinions/ethics%20LLP%20page/Rule_1.4_-_Communication.pdf?ver=JXsx7JMlXjQzmYPQVGwetA%3d%3d"
"Rule 1.5 Fees","https://www.cobar.org/Portals/COBAR/Repository/ethicsOpinions/ethics%20LLP%20page/LLP%201.5.pdf?ver=Zpz7sWg4yACtIEY38LaUBA%3d%3d"
"Rule 1.6 Confidentiality of Information","https://www.cobar.org/Portals/COBAR/Repository/ethicsOpinions/ethics%20LLP%20page/Rule_1.6_-_Confidentiality_of_Information.pdf?ver=piwVQv4MuvLxad7wuJOeyg%3d%3d"
"Rule 1.7 Conflict of Interest: Current Clients","https://www.cobar.org/Portals/COBAR/Repository/ethicsOpinions/ethics%20LLP%20page/Rule_1.7_-_Conflict_of_Interest_Current_Clients.pdf?ver=y2gcJU9c6zyVfjsrbr9a2w%3d%3d"
"Rule 1.8 Conflict of Interest: Current Clients: Specific Rules","https://www.cobar.org/Portals/COBAR/Repository/ethicsOpinions/ethics%20LLP%20page/Rule_1.8_-_Conflict_of_Interest_3B_Current_Clients_3B_Specific_Rules.pdf?ver=Ec9QMNzO_MGsxwvKr0jrEQ%3d%3d"
"Rule 1.9 Duties to Former Clients","https://www.cobar.org/Portals/COBAR/Repository/ethicsOpinions/ethics%20LLP%20page/Rule_1.9_-_Duties_to_Former_Clients.pdf?ver=JXsx7JMlXjQzmYPQVGwetA%3d%3d"
"Rule 1.10 Imputation of Conflicts of Interest: General Rule","https://www.cobar.org/Portals/COBAR/Repository/ethicsOpinions/ethics%20LLP%20page/Rule_1.10_-_Imputation_of_Conflicts_of_Interest_General_Rule.pdf?ver=9YJSz2_OehK5vSi77bAPgg%3d%3d"
"Rule 1.11 Special Conflicts of Interest for Former and Current Government Officers and Employees","https://www.cobar.org/Portals/COBAR/Repository/ethicsOpinions/ethics%20LLP%20page/Rule_1.11_-_Special_Conflicts_of_Interest_for_Former_and_Current_Government_Officers_and_Employees.pdf?ver=TH9j0mrxug4ULqP4McurpQ%3d%3d"
"Rule 1.12 Former Judge, Arbitrator, Mediator or Other Third-Party Neutral","https://www.cobar.org/Portals/COBAR/Repository/ethicsOpinions/ethics%20LLP%20page/Rule_1.12_-_Former_Judge_2C_Arbitrator_2C_Mediator_or_Other_Third-Party_Neutral.pdf?ver=ejjsVBN6GGWdZJhYx9B_Lw%3d%3d"
"Rule 1.13 Reserved","https://www.cobar.org/Portals/COBAR/Repository/ethicsOpinions/ethics%20LLP%20page/Rule_1.13_-_Reserved.pdf?ver=6TmW6CntrFH4FhLLTWiksw%3d%3d"
"Rule 1.14 Client with Diminished Capacity","https://www.cobar.org/Portals/COBAR/Repository/ethicsOpinions/ethics%20LLP%20page/Rule_1.14_-_Client_with_Diminished_Capacity.pdf?ver=MzmrYUKgjJ_9GZ4ZMRZEpg%3d%3d"
"Rule 1.15 Safekeeping Property in a Firm with Lawyers","https://www.cobar.org/Portals/COBAR/Repository/ethicsOpinions/ethics%20LLP%20page/Rule_1.15_-_Safekeeping_Property_in_a_Firm_with_Lawyers.pdf?ver=y5kn3losoJ5AcpH3u9uc5A%3d%3d"
"Rule 1.15A General Duties of LLPs Practicing in Firms Without Lawyers Regarding Property of Clients and Third Parties","https://www.cobar.org/Portals/COBAR/Repository/ethicsOpinions/ethics%20LLP%20page/Rule_1.15A_-_General_Duties_of_LLPs_Practicing_in_Firms_Without_Lawyers_Regarding_Property_of_Clients_and_Third_Parties.pdf?ver=CuZ3eykOujz1rVH6-8o7BA%3d%3d"
"Rule 1.15B Account Requirements for LLPs Practicing in Firms Without Lawyers","https://www.cobar.org/Portals/COBAR/Repository/ethicsOpinions/ethics%20LLP%20page/Rule_1.15B_-_Account_Requirements_for_LLPs_Practicing_in_Firms_Without_Lawyers.pdf?ver=ejjsVBN6GGWdZJhYx9B_Lw%3d%3d"
"Rule 1.15C Use of Trust Accounts by LLPs Practicing in Firms Without Lawyers","https://www.cobar.org/Portals/COBAR/Repository/ethicsOpinions/ethics%20LLP%20page/Rule_1.15C_-_Use_of_Trust_Accounts_by_LLPs_Practicing_in_Firms_Without_Lawyers.pdf?ver=mEHByXk2bPg4IFJMVz_r6w%3d%3d"
"Rule 1.15D Required Records Maintained by LLPs Practicing in Firms Without Lawyers","https://www.cobar.org/Portals/COBAR/Repository/ethicsOpinions/ethics%20LLP%20page/Rule_1.15D_-_Required_Records_Maintained_by_LLPs_Practicing_in_Firms_Without_Lawyers.pdf?ver=TH9j0mrxug4ULqP4McurpQ%3d%3d"
"Rule 1.16 Declining or Terminating Representation","https://www.cobar.org/Portals/COBAR/Repository/ethicsOpinions/ethics%20LLP%20page/Rule_1.16_-_Declining_or_Terminating_Representation.pdf?ver=1_6O5IiXOH52aC17Y2Y_Bg%3d%3d"
"Rule 1.16A Client File Retention","https://www.cobar.org/Portals/COBAR/Repository/ethicsOpinions/ethics%20LLP%20page/Rule_1.16A_-_Client_File_Retention.pdf?ver=US7ot043UqJ8AQBf4xmvNg%3d%3d"
"Rule 1.17 Sale of LLP Practice","https://www.cobar.org/Portals/COBAR/Repository/ethicsOpinions/ethics%20LLP%20page/Rule_1.17_-_Sale_of_LLP_Practice.pdf?ver=MM3UvKNkjOMBy-7Um0vGEw%3d%3d"
"Rule 1.18 Duties to Prospective Client","https://www.cobar.org/Portals/COBAR/Repository/ethicsOpinions/ethics%20LLP%20page/Rule_1.18_-_Duties_to_Prospective_Client.pdf?ver=y2gcJU9c6zyVfjsrbr9a2w%3d%3d"
"Rule 1.9 Duties to Former Clients","https://www.cobar.org/Portals/COBAR/Repository/ethicsOpinions/ethics%20LLP%20page/Rule_1.9_-_Duties_to_Former_Clients.pdf?ver=JXsx7JMlXjQzmYPQVGwetA%3d%3d"
"COUNSELOR",""
"Rule 2.1 Advisor","https://www.cobar.org/Portals/COBAR/Repository/ethicsOpinions/ethics%20LLP%20page/Rule_2.1_-_Advisor.pdf?ver=TH9j0mrxug4ULqP4McurpQ%3d%3d"
"Rule 2.2 Reserved","https://www.cobar.org/Portals/COBAR/Repository/ethicsOpinions/ethics%20LLP%20page/Rule_2.2_-_Reserved.pdf?ver=guKIaBFr3IYsuc7maZoFIQ%3d%3d"
"Rule 2.3 Evaluation for Use by Third Persons","https://www.cobar.org/Portals/COBAR/Repository/ethicsOpinions/ethics%20LLP%20page/Rule_2.3_-_Evaluation_for_Use_by_Third_Persons.pdf?ver=JXsx7JMlXjQzmYPQVGwetA%3d%3d"
"Rule 2.4 LLP Serving as Third-Party Neutral","https://www.cobar.org/Portals/COBAR/Repository/ethicsOpinions/ethics%20LLP%20page/Rule_2.4_-_LLP_Serving_as_Third-Party_Neutral.pdf?ver=_lB6j7UGZHyFPDM-z9aGBw%3d%3d"
"ADVOCATE",""
"Rule 3.1 Meritorious Claims and Contentions","https://www.cobar.org/Portals/COBAR/Repository/ethicsOpinions/ethics%20LLP%20page/Rule_3.1_-_Meritorious_Claims_and_Contentions.pdf?ver=MzmrYUKgjJ_9GZ4ZMRZEpg%3d%3d"
"Rule 3.2 Expediting Litigation","https://www.cobar.org/Portals/COBAR/Repository/ethicsOpinions/ethics%20LLP%20page/Rule_3.2_-_Expediting_Litigation.pdf?ver=TH9j0mrxug4ULqP4McurpQ%3d%3d"
"Rule 3.3 Candor Toward the Tribunal","https://www.cobar.org/Portals/COBAR/Repository/ethicsOpinions/ethics%20LLP%20page/Rule_3.3_-_Candor_Toward_the_Tribunal.pdf?ver=JXsx7JMlXjQzmYPQVGwetA%3d%3d"
"Rule 3.4 Fairness to Opposing Party and Counsel","https://www.cobar.org/Portals/COBAR/Repository/ethicsOpinions/ethics%20LLP%20page/Rule_3.4_-_Fairness_to_Opposing_Party_and_Counsel.pdf?ver=US7ot043UqJ8AQBf4xmvNg%3d%3d"
"Rule 3.5 Impartiality and Decorum of the Tribunal","https://www.cobar.org/Portals/COBAR/Repository/ethicsOpinions/ethics%20LLP%20page/Rule_3.5_-_Impartiality_and_Decorum_of_the_Tribunal.pdf?ver=yBG3we3ufcg6CUEkDj2qtw%3d%3d"
"Rule 3.6 Trial Publicity","https://www.cobar.org/Portals/COBAR/Repository/ethicsOpinions/ethics%20LLP%20page/Rule_3.6_-_Trial_Publicity.pdf?ver=US7ot043UqJ8AQBf4xmvNg%3d%3d"
"Rule 3.7 LLP as Witness","https://www.cobar.org/Portals/COBAR/Repository/ethicsOpinions/ethics%20LLP%20page/Rule_3.7_-_LLP_as_Witness.pdf?ver=i_7h23pU6uRkfmvazPbR8g%3d%3d"
"Rule 3.8 Reserved","https://www.cobar.org/Portals/COBAR/Repository/ethicsOpinions/ethics%20LLP%20page/Rule_3.8_-_Reserved.pdf?ver=SIPVH_vkdp-Jw-7cGS4vaQ%3d%3d"
"Rule 3.9 Advocate in Nonadjudicative Proceedings","https://www.cobar.org/Portals/COBAR/Repository/ethicsOpinions/ethics%20LLP%20page/Rule_3.9_-_Advocate_in_Nonadjudicative_Proceedings.pdf?ver=TH9j0mrxug4ULqP4McurpQ%3d%3d"
"TRANSACTIONS WITH PERSONS OTHER THAN CLIENTS",""
"Rule 4.1 Truthfulness in Statements to Others","https://www.cobar.org/Portals/COBAR/Repository/ethicsOpinions/ethics%20LLP%20page/Rule_4.1_-_Truthfulness_in_Statements_to_Others.pdf?ver=ejjsVBN6GGWdZJhYx9B_Lw%3d%3d"
"Rule 4.2 Communication with Person Represented by Counsel","https://www.cobar.org/Portals/COBAR/Repository/ethicsOpinions/ethics%20LLP%20page/Rule_4.2_-_Communication_with_Person_Represented_by_Counsel.pdf?ver=_Os0ev7FRDL-drGapW9doQ%3d%3d"
"Rule 4.3 Dealing with Unrepresented Person","https://www.cobar.org/Portals/COBAR/Repository/ethicsOpinions/ethics%20LLP%20page/Rule_4.3_-_Dealing_with_Unrepresented_Person.pdf?ver=JzBcgybN-42r681BXTbK-w%3d%3d"
"Rule 4.4 Respect for Rights of Third Persons","https://www.cobar.org/Portals/COBAR/Repository/ethicsOpinions/ethics%20LLP%20page/Rule_4.4_-_Respect_for_Rights_of_Third_Persons.pdf?ver=CtnMzIJtpWwDnONzDbzrTg%3d%3d"
"Rule 4.5 Threatening Prosecution","https://www.cobar.org/Portals/COBAR/Repository/ethicsOpinions/ethics%20LLP%20page/Rule_4.5_-_Threatening_Prosecution.pdf?ver=JjMLU2tsjWd0CNR0fIzAbw%3d%3d"
"RESPONSIBILITIES OF LLPs",""
"Rule 5.1 Responsibilities of a Partner or Supervisory LLP","https://www.cobar.org/Portals/COBAR/Repository/ethicsOpinions/ethics%20LLP%20page/Rule_5.1_-_Responsibilities_of_a_Partner_or_Supervisory_LLP.pdf?ver=US7ot043UqJ8AQBf4xmvNg%3d%3d"
"Rule 5.2 Responsibilities of an LLP in a Firm","https://www.cobar.org/Portals/COBAR/Repository/ethicsOpinions/ethics%20LLP%20page/Rule_5.2_-_Responsibilities_of_an_LLP_in_a_Firm.pdf?ver=1_6O5IiXOH52aC17Y2Y_Bg%3d%3d"
"Rule 5.3 Responsibilities Regarding Other Personnel in Firms Without Lawyers","https://www.cobar.org/Portals/COBAR/Repository/ethicsOpinions/ethics%20LLP%20page/Rule_5.3_-_Responsibilities_Regarding_Other_Personnel_in_Firms_Without_Lawyers.pdf?ver=_v1Hqpu2Bo05OLlLC6j-PQ%3d%3d"
"Rule 5.4 Professional Independence of an LLP","https://www.cobar.org/Portals/COBAR/Repository/ethicsOpinions/ethics%20LLP%20page/Rule_5.4_-_Professional_Independence_of_an_LLP.pdf?ver=US7ot043UqJ8AQBf4xmvNg%3d%3d"
"Rule 5.5 Unauthorized Practice of Law; Multijurisdictional Practice of Law","https://www.cobar.org/Portals/COBAR/Repository/ethicsOpinions/ethics%20LLP%20page/Rule_5.5_-_Unauthorized_Practice_of_Law_3B_Multijurisdictional_Practice_of_Law.pdf?ver=rE6IL5LWE_sx4b-i4ee0sg%3d%3d"
"Rule 5.6 Restrictions on Right to Practice","https://www.cobar.org/Portals/COBAR/Repository/ethicsOpinions/ethics%20LLP%20page/Rule_5.6_-_Restrictions_on_Right_to_Practice.pdf?ver=rE6IL5LWE_sx4b-i4ee0sg%3d%3d"
"Rule 5.7 Responsibilities Regarding Law-Related Services","https://www.cobar.org/Portals/COBAR/Repository/ethicsOpinions/ethics%20LLP%20page/Rule_5.7_-_Responsibilities_Regarding_Law-Related_Services.pdf?ver=SIPVH_vkdp-Jw-7cGS4vaQ%3d%3d"
"PUBLIC SERVICE",""
"Rule 6.1 Voluntary Pro Bono Publico Service","https://www.cobar.org/Portals/COBAR/Repository/ethicsOpinions/ethics%20LLP%20page/Rule_6.1_-_Voluntary_Pro_Bono_Publico_Service.pdf?ver=JXsx7JMlXjQzmYPQVGwetA%3d%3d"
"Rule 6.2 Accepting Appointments","https://www.cobar.org/Portals/COBAR/Repository/ethicsOpinions/ethics%20LLP%20page/Rule_6.2_-_Accepting_Appointments.pdf?ver=_lB6j7UGZHyFPDM-z9aGBw%3d%3d"
"Rule 6.3 Membership in Legal Services Organization","https://www.cobar.org/Portals/COBAR/Repository/ethicsOpinions/ethics%20LLP%20page/Rule_6.3_-_Membership_in_Legal_Services_Organization.pdf?ver=SIPVH_vkdp-Jw-7cGS4vaQ%3d%3d"
"Rule 6.4 Law Reform Activities Affecting Client Interests","https://www.cobar.org/Portals/COBAR/Repository/ethicsOpinions/ethics%20LLP%20page/Rule_6.4_-_Law_Reform_Activities_Affecting_Client_Interests.pdf?ver=US7ot043UqJ8AQBf4xmvNg%3d%3d"
"Rule 6.5 Nonprofit and Court-Annexed Limited Legal Services Programs","https://www.cobar.org/Portals/COBAR/Repository/ethicsOpinions/ethics%20LLP%20page/Rule_6.5_-_Nonprofit_and_Court-Annexed_Limited_Legal_Services_Programs.pdf?ver=TH9j0mrxug4ULqP4McurpQ%3d%3d"
"INFORMATION ABOUT LEGAL SERVICES",""
"Rule 7.1 Communications Concerning an LLP’s Services","https://www.cobar.org/Portals/COBAR/Repository/ethicsOpinions/ethics%20LLP%20page/Rule_7.1_-_Communications_Concerning_an_LLP_27s_Services.pdf?ver=hYMpfltXRI01oBCTEGyOAw%3d%3d"
"Rule 7.2 Communications Concerning an LLP’s Services: Specific Rules","https://www.cobar.org/Portals/COBAR/Repository/ethicsOpinions/ethics%20LLP%20page/Rule_7.2_-_Communications_Concerning_a_Licensed_Legal_Paraprofessional_27s_Services_Specific_Rules.pdf?ver=oZWBsmbwtmS4jek4jElj9Q%3d%3d"
"Rule 7.3 Solicitation of Clients","https://www.cobar.org/Portals/COBAR/Repository/ethicsOpinions/ethics%20LLP%20page/Rule_7.3_-_Solicitation_of_Clients.pdf?ver=1_6O5IiXOH52aC17Y2Y_Bg%3d%3d"
"Rule 7.4 Reserved","https://www.cobar.org/Portals/COBAR/Repository/ethicsOpinions/ethics%20LLP%20page/Rule_7.4_-_Reserved.pdf?ver=i_7h23pU6uRkfmvazPbR8g%3d%3d"
"Rule 7.5 Reserved","https://www.cobar.org/Portals/COBAR/Repository/ethicsOpinions/ethics%20LLP%20page/Rule_7.5_-_Reserved.pdf?ver=hYMpfltXRI01oBCTEGyOAw%3d%3d"
"Rule 7.6 Political Contributions to Obtain Legal Engagements or Appointments by Judges","https://www.cobar.org/Portals/COBAR/Repository/ethicsOpinions/ethics%20LLP%20page/Rule_7.6_-_Political_Contributions_to_Obtain_Legal_Engagements_or_Appointments_by_Judges.pdf?ver=TH9j0mrxug4ULqP4McurpQ%3d%3d"
"MAINTAINING THE INTEGRITY OF THE PROFESSION",""
"Rule 8.1 Admission and Disciplinary Matters","https://www.cobar.org/Portals/COBAR/Repository/ethicsOpinions/ethics%20LLP%20page/Rule_8.1_-_Admission_and_Disciplinary_Matters.pdf?ver=i_7h23pU6uRkfmvazPbR8g%3d%3d"
"Rule 8.2 Judicial and Legal Officials","https://www.cobar.org/Portals/COBAR/Repository/ethicsOpinions/ethics%20LLP%20page/Rule_8.2_-_Judicial_and_Legal_Officials.pdf?ver=ip34nnlMbLZVugjhooL4-g%3d%3d"
"Rule 8.3 Reporting Professional Misconduct","https://www.cobar.org/Portals/COBAR/Repository/ethicsOpinions/ethics%20LLP%20page/Rule_8.3_-_Reporting_Professional_Misconduct.pdf?ver=rE6IL5LWE_sx4b-i4ee0sg%3d%3d"
"Rule 8.4 Misconduct","https://www.cobar.org/Portals/COBAR/Repository/ethicsOpinions/ethics%20LLP%20page/Rule_8.4_-_Misconduct.pdf?ver=xk7mApZUfgtWtViVRIov2Q%3d%3d"
"Rule 8.5 Disciplinary Authority; Choice of Law","https://www.cobar.org/Portals/COBAR/Repository/ethicsOpinions/ethics%20LLP%20page/Rule_8.5_-_Disciplinary_Authority_3B_Choice_of_Law.pdf?ver=SIPVH_vkdp-Jw-7cGS4vaQ%3d%3d"